[17:14:15] [main/INFO] (FabricLoader/GameProvider) Loading Minecraft 1.21.10 with Fabric Loader 0.18.0
[17:14:15] [main/DEBUG] (FabricLoader/GamePatch) Found game constructor: net.minecraft.client.main.Main -> net.minecraft.client.MinecraftClient
[17:14:15] [main/DEBUG] (FabricLoader/GamePatch) Patching game constructor <init>(Lnet/minecraft/client/RunArgs;)V
[17:14:15] [main/DEBUG] (FabricLoader/GamePatch) Run directory field is thought to be net/minecraft/client/MinecraftClient/runDirectory
[17:14:15] [main/DEBUG] (FabricLoader/GamePatch) Applying brand name hook to net/minecraft/client/ClientBrandRetriever::getClientModName
[17:14:15] [main/DEBUG] (FabricLoader/GamePatch) Applying brand name hook to net/minecraft/server/MinecraftServer::getServerModName
[17:14:15] [main/DEBUG] (FabricLoader/GamePatch) Patched 3 classs
[17:14:15] [main/DEBUG] (FabricLoader/Discovery) Mod discovery time: 56,9 ms
[17:14:15] [main/DEBUG] (FabricLoader/Resolution) Mod resolution time: 54,8 ms
[17:14:15] [main/INFO] (FabricLoader) Loading 53 mods:
	- fabric-api 0.138.3+1.21.10
	- fabric-api-base 1.0.0+14b92d896f
	- fabric-api-lookup-api-v1 1.6.106+d17682156f
	- fabric-biome-api-v1 16.1.0+c2417d4f6f
	- fabric-block-api-v1 1.1.5+d17682156f
	- fabric-block-view-api-v2 1.0.34+e4fd1b926f
	- fabric-client-gametest-api-v1 4.2.13+14b92d896f
	- fabric-command-api-v2 2.4.0+c0ab2d5d6f
	- fabric-content-registries-v0 10.2.6+b6a242646f
	- fabric-convention-tags-v1 2.1.49+7f945d5b6f
	- fabric-convention-tags-v2 2.17.0+ff7bc77d6f
	- fabric-crash-report-info-v1 0.3.18+33df5e6e6f
	- fabric-data-attachment-api-v1 1.8.33+cd3b9e596f
	- fabric-data-generation-api-v1 23.2.27+d8b85ef16f
	- fabric-dimensions-v1 4.0.22+38b9cc196f
	- fabric-entity-events-v1 2.1.13+fde3702c6f
	- fabric-events-interaction-v0 4.0.36+5ba217126f
	- fabric-game-rule-api-v1 1.1.1+e47eaae56f
	- fabric-gametest-api-v1 3.1.21+33df5e6e6f
	- fabric-item-api-v1 11.5.11+9bce411b6f
	- fabric-item-group-api-v1 4.2.27+86b3ae576f
	- fabric-key-binding-api-v1 1.1.1+b3ba9c486f
	- fabric-lifecycle-events-v1 2.6.9+33df5e6e6f
	- fabric-loot-api-v2 3.0.67+3f89f5a56f
	- fabric-loot-api-v3 2.0.14+d17682156f
	- fabric-message-api-v1 6.1.7+3154c1c86f
	- fabric-model-loading-api-v1 6.0.4+3ffd6ef06f
	- fabric-networking-api-v1 5.1.0+b095d8db6f
	- fabric-object-builder-api-v1 21.1.28+9bce411b6f
	- fabric-particles-v1 4.2.3+a0ee59a46f
	- fabric-recipe-api-v1 8.2.0+39709ef06f
	- fabric-registry-sync-v0 6.1.42+679c8c5c6f
	- fabric-renderer-api-v1 7.2.2+3706cdf36f
	- fabric-renderer-indigo 4.1.3+d7df91576f
	- fabric-rendering-fluids-v1 3.1.38+86b3ae576f
	- fabric-rendering-v1 16.2.0+bee81f016f
	- fabric-resource-conditions-api-v1 5.0.28+33df5e6e6f
	- fabric-resource-loader-v0 3.3.1+d4d4122a6f
	- fabric-resource-loader-v1 1.0.4+14959b836f
	- fabric-screen-api-v1 3.1.0+9c82a7986f
	- fabric-screen-handler-api-v1 1.3.151+d17682156f
	- fabric-serialization-api-v1 1.0.0+d857c9766f
	- fabric-sound-api-v1 1.0.45+328a75ba6f
	- fabric-tag-api-v1 1.2.13+2fa446b26f
	- fabric-transfer-api-v1 6.0.15+79ec2c126f
	- fabric-transitive-access-wideners-v1 6.5.3+41eb43436f
	- fabricloader 0.18.0
	- java 21
	- minecraft 1.21.10
	- mixinextras 0.5.0
	- notenoughcrashes 4.4.9+1.21.1
	- owo 0.12.24+1.21.9
	- twelfth-client 1.1.3
[17:14:15] [main/DEBUG] (FabricLoader/Knot) Adding C:\Users\Noadsch12\Documents\12th-Client\.gradle\loom-cache\remapped_mods\remapped\net\fabricmc\fabric-api\fabric-message-api-v1-22e4ff05\6.1.7+3154c1c86f\fabric-message-api-v1-22e4ff05-6.1.7+3154c1c86f.jar to classpath.
[17:14:15] [main/DEBUG] (FabricLoader/Knot) Adding C:\Users\Noadsch12\Documents\12th-Client\.gradle\loom-cache\remapped_mods\remapped\net\fabricmc\fabric-api\fabric-convention-tags-v2-22e4ff05\2.17.0+ff7bc77d6f\fabric-convention-tags-v2-22e4ff05-2.17.0+ff7bc77d6f.jar to classpath.
[17:14:15] [main/DEBUG] (FabricLoader/Knot) Adding C:\Users\Noadsch12\Documents\12th-Client\.gradle\loom-cache\remapped_mods\remapped\net\fabricmc\fabric-api\fabric-rendering-fluids-v1-22e4ff05\3.1.38+86b3ae576f\fabric-rendering-fluids-v1-22e4ff05-3.1.38+86b3ae576f.jar to classpath.
[17:14:15] [main/DEBUG] (FabricLoader/Knot) Adding C:\Users\Noadsch12\Documents\12th-Client\.gradle\loom-cache\remapped_mods\remapped\net\fabricmc\fabric-api\fabric-block-view-api-v2-22e4ff05\1.0.34+e4fd1b926f\fabric-block-view-api-v2-22e4ff05-1.0.34+e4fd1b926f.jar to classpath.
[17:14:15] [main/DEBUG] (FabricLoader/Knot) Adding C:\Users\Noadsch12\Documents\12th-Client\.gradle\loom-cache\remapped_mods\remapped\net\fabricmc\fabric-api\fabric-networking-api-v1-22e4ff05\5.1.0+b095d8db6f\fabric-networking-api-v1-22e4ff05-5.1.0+b095d8db6f.jar to classpath.
[17:14:15] [main/DEBUG] (FabricLoader/Knot) Adding C:\Users\Noadsch12\Documents\12th-Client\.gradle\loom-cache\remapped_mods\remapped\net\fabricmc\fabric-api\fabric-item-group-api-v1-22e4ff05\4.2.27+86b3ae576f\fabric-item-group-api-v1-22e4ff05-4.2.27+86b3ae576f.jar to classpath.
[17:14:15] [main/DEBUG] (FabricLoader/Knot) Adding C:\Users\Noadsch12\Documents\12th-Client\.gradle\loom-cache\remapped_mods\remapped\net\fabricmc\fabric-api\fabric-data-generation-api-v1-22e4ff05\23.2.27+d8b85ef16f\fabric-data-generation-api-v1-22e4ff05-23.2.27+d8b85ef16f.jar to classpath.
[17:14:15] [main/DEBUG] (FabricLoader/Knot) Adding C:\Users\Noadsch12\Documents\12th-Client\.gradle\loom-cache\remapped_mods\remapped\net\fabricmc\fabric-api\fabric-resource-loader-v1-22e4ff05\1.0.4+14959b836f\fabric-resource-loader-v1-22e4ff05-1.0.4+14959b836f.jar to classpath.
[17:14:15] [main/DEBUG] (FabricLoader/Knot) Adding C:\Users\Noadsch12\Documents\12th-Client\.gradle\loom-cache\remapped_mods\remapped\net\fabricmc\fabric-api\fabric-api-base-22e4ff05\1.0.0+14b92d896f\fabric-api-base-22e4ff05-1.0.0+14b92d896f.jar to classpath.
[17:14:15] [main/DEBUG] (FabricLoader/Knot) Adding C:\Users\Noadsch12\Documents\12th-Client\.gradle\loom-cache\remapped_mods\remapped\net\fabricmc\fabric-api\fabric-biome-api-v1-22e4ff05\16.1.0+c2417d4f6f\fabric-biome-api-v1-22e4ff05-16.1.0+c2417d4f6f.jar to classpath.
[17:14:15] [main/DEBUG] (FabricLoader/Knot) Adding C:\Users\Noadsch12\Documents\12th-Client\.gradle\loom-cache\remapped_mods\remapped\net\fabricmc\fabric-api\fabric-particles-v1-22e4ff05\4.2.3+a0ee59a46f\fabric-particles-v1-22e4ff05-4.2.3+a0ee59a46f.jar to classpath.
[17:14:15] [main/DEBUG] (FabricLoader/Knot) Adding C:\Users\Noadsch12\Documents\12th-Client\.gradle\loom-cache\remapped_mods\remapped\net\fabricmc\fabric-api\fabric-block-api-v1-22e4ff05\1.1.5+d17682156f\fabric-block-api-v1-22e4ff05-1.1.5+d17682156f.jar to classpath.
[17:14:15] [main/DEBUG] (FabricLoader/Knot) Adding C:\Users\Noadsch12\Documents\12th-Client\.gradle\loom-cache\remapped_mods\remapped\net\fabricmc\fabric-api\fabric-renderer-indigo-22e4ff05\4.1.3+d7df91576f\fabric-renderer-indigo-22e4ff05-4.1.3+d7df91576f.jar to classpath.
[17:14:15] [main/DEBUG] (FabricLoader/Knot) Adding C:\Users\Noadsch12\Documents\12th-Client\build\resources\main to classpath.
[17:14:15] [main/DEBUG] (FabricLoader/Knot) Adding C:\Users\Noadsch12\Documents\12th-Client\.gradle\loom-cache\remapped_mods\remapped\io\wispforest\owo-lib-22e4ff05\0.12.24+1.21.9\owo-lib-22e4ff05-0.12.24+1.21.9.jar to classpath.
[17:14:15] [main/DEBUG] (FabricLoader/Knot) Adding C:\Users\Noadsch12\Documents\12th-Client\.gradle\loom-cache\remapped_mods\remapped\net\fabricmc\fabric-api\fabric-resource-conditions-api-v1-22e4ff05\5.0.28+33df5e6e6f\fabric-resource-conditions-api-v1-22e4ff05-5.0.28+33df5e6e6f.jar to classpath.
[17:14:15] [main/DEBUG] (FabricLoader/Knot) Adding C:\Users\Noadsch12\Documents\12th-Client\.gradle\loom-cache\remapped_mods\remapped\net\fabricmc\fabric-api\fabric-api-22e4ff05\0.138.3+1.21.10\fabric-api-22e4ff05-0.138.3+1.21.10.jar to classpath.
[17:14:15] [main/DEBUG] (FabricLoader/Knot) Adding C:\Users\Noadsch12\.gradle\caches\modules-2\files-2.1\io.github.llamalad7\mixinextras-fabric\0.5.0\91a83dfb7abd320f6236bd1fcf5c0ff143d59a13\mixinextras-fabric-0.5.0.jar to classpath.
[17:14:15] [main/DEBUG] (FabricLoader/Knot) Adding C:\Users\Noadsch12\Documents\12th-Client\.gradle\loom-cache\remapped_mods\remapped\net\fabricmc\fabric-api\fabric-events-interaction-v0-22e4ff05\4.0.36+5ba217126f\fabric-events-interaction-v0-22e4ff05-4.0.36+5ba217126f.jar to classpath.
[17:14:15] [main/DEBUG] (FabricLoader/Knot) Adding C:\Users\Noadsch12\Documents\12th-Client\.gradle\loom-cache\remapped_mods\remapped\net\fabricmc\fabric-api\fabric-model-loading-api-v1-22e4ff05\6.0.4+3ffd6ef06f\fabric-model-loading-api-v1-22e4ff05-6.0.4+3ffd6ef06f.jar to classpath.
[17:14:15] [main/DEBUG] (FabricLoader/Knot) Adding C:\Users\Noadsch12\Documents\12th-Client\.gradle\loom-cache\remapped_mods\remapped\net\fabricmc\fabric-api\fabric-dimensions-v1-22e4ff05\4.0.22+38b9cc196f\fabric-dimensions-v1-22e4ff05-4.0.22+38b9cc196f.jar to classpath.
[17:14:15] [main/DEBUG] (FabricLoader/Knot) Adding C:\Users\Noadsch12\Documents\12th-Client\.gradle\loom-cache\remapped_mods\remapped\net\fabricmc\fabric-api\fabric-transitive-access-wideners-v1-22e4ff05\6.5.3+41eb43436f\fabric-transitive-access-wideners-v1-22e4ff05-6.5.3+41eb43436f.jar to classpath.
[17:14:15] [main/DEBUG] (FabricLoader/Knot) Adding C:\Users\Noadsch12\Documents\12th-Client\.gradle\loom-cache\remapped_mods\remapped\net\fabricmc\fabric-api\fabric-serialization-api-v1-22e4ff05\1.0.0+d857c9766f\fabric-serialization-api-v1-22e4ff05-1.0.0+d857c9766f.jar to classpath.
[17:14:15] [main/DEBUG] (FabricLoader/Knot) Adding C:\Users\Noadsch12\Documents\12th-Client\.gradle\loom-cache\remapped_mods\remapped\net\fabricmc\fabric-api\fabric-recipe-api-v1-22e4ff05\8.2.0+39709ef06f\fabric-recipe-api-v1-22e4ff05-8.2.0+39709ef06f.jar to classpath.
[17:14:15] [main/DEBUG] (FabricLoader/Knot) Adding C:\Users\Noadsch12\Documents\12th-Client\.gradle\loom-cache\remapped_mods\remapped\net\fabricmc\fabric-api\fabric-item-api-v1-22e4ff05\11.5.11+9bce411b6f\fabric-item-api-v1-22e4ff05-11.5.11+9bce411b6f.jar to classpath.
[17:14:15] [main/DEBUG] (FabricLoader/Knot) Adding C:\Users\Noadsch12\Documents\12th-Client\.gradle\loom-cache\remapped_mods\remapped\net\fabricmc\fabric-api\fabric-gametest-api-v1-22e4ff05\3.1.21+33df5e6e6f\fabric-gametest-api-v1-22e4ff05-3.1.21+33df5e6e6f.jar to classpath.
[17:14:15] [main/DEBUG] (FabricLoader/Knot) Adding C:\Users\Noadsch12\Documents\12th-Client\.gradle\loom-cache\remapped_mods\remapped\net\fabricmc\fabric-api\fabric-lifecycle-events-v1-22e4ff05\2.6.9+33df5e6e6f\fabric-lifecycle-events-v1-22e4ff05-2.6.9+33df5e6e6f.jar to classpath.
[17:14:15] [main/DEBUG] (FabricLoader/Knot) Adding C:\Users\Noadsch12\Documents\12th-Client\.gradle\loom-cache\remapped_mods\remapped\net\fabricmc\fabric-api\fabric-content-registries-v0-22e4ff05\10.2.6+b6a242646f\fabric-content-registries-v0-22e4ff05-10.2.6+b6a242646f.jar to classpath.
[17:14:15] [main/DEBUG] (FabricLoader/Knot) Adding C:\Users\Noadsch12\Documents\12th-Client\.gradle\loom-cache\remapped_mods\remapped\maven\modrinth\notenoughcrashes-22e4ff05\4.4.9+1.21.1-fabric\notenoughcrashes-22e4ff05-4.4.9+1.21.1-fabric.jar to classpath.
[17:14:15] [main/DEBUG] (FabricLoader/Knot) Adding C:\Users\Noadsch12\Documents\12th-Client\.gradle\loom-cache\remapped_mods\remapped\net\fabricmc\fabric-api\fabric-screen-handler-api-v1-22e4ff05\1.3.151+d17682156f\fabric-screen-handler-api-v1-22e4ff05-1.3.151+d17682156f.jar to classpath.
[17:14:15] [main/DEBUG] (FabricLoader/Knot) Adding C:\Users\Noadsch12\Documents\12th-Client\.gradle\loom-cache\remapped_mods\remapped\net\fabricmc\fabric-api\fabric-game-rule-api-v1-22e4ff05\1.1.1+e47eaae56f\fabric-game-rule-api-v1-22e4ff05-1.1.1+e47eaae56f.jar to classpath.
[17:14:15] [main/DEBUG] (FabricLoader/Knot) Adding C:\Users\Noadsch12\Documents\12th-Client\.gradle\loom-cache\remapped_mods\remapped\net\fabricmc\fabric-api\fabric-object-builder-api-v1-22e4ff05\21.1.28+9bce411b6f\fabric-object-builder-api-v1-22e4ff05-21.1.28+9bce411b6f.jar to classpath.
[17:14:15] [main/DEBUG] (FabricLoader/Knot) Adding C:\Users\Noadsch12\Documents\12th-Client\.gradle\loom-cache\remapped_mods\remapped\net\fabricmc\fabric-api\fabric-loot-api-v2-22e4ff05\3.0.67+3f89f5a56f\fabric-loot-api-v2-22e4ff05-3.0.67+3f89f5a56f.jar to classpath.
[17:14:15] [main/DEBUG] (FabricLoader/Knot) Adding C:\Users\Noadsch12\Documents\12th-Client\.gradle\loom-cache\remapped_mods\remapped\net\fabricmc\fabric-api\fabric-client-gametest-api-v1-22e4ff05\4.2.13+14b92d896f\fabric-client-gametest-api-v1-22e4ff05-4.2.13+14b92d896f.jar to classpath.
[17:14:15] [main/DEBUG] (FabricLoader/Knot) Adding C:\Users\Noadsch12\Documents\12th-Client\.gradle\loom-cache\remapped_mods\remapped\net\fabricmc\fabric-api\fabric-sound-api-v1-22e4ff05\1.0.45+328a75ba6f\fabric-sound-api-v1-22e4ff05-1.0.45+328a75ba6f.jar to classpath.
[17:14:15] [main/DEBUG] (FabricLoader/Knot) Adding C:\Users\Noadsch12\Documents\12th-Client\.gradle\loom-cache\remapped_mods\remapped\net\fabricmc\fabric-api\fabric-transfer-api-v1-22e4ff05\6.0.15+79ec2c126f\fabric-transfer-api-v1-22e4ff05-6.0.15+79ec2c126f.jar to classpath.
[17:14:15] [main/DEBUG] (FabricLoader/Knot) Adding C:\Users\Noadsch12\Documents\12th-Client\.gradle\loom-cache\remapped_mods\remapped\net\fabricmc\fabric-api\fabric-convention-tags-v1-22e4ff05\2.1.49+7f945d5b6f\fabric-convention-tags-v1-22e4ff05-2.1.49+7f945d5b6f.jar to classpath.
[17:14:15] [main/DEBUG] (FabricLoader/Knot) Adding C:\Users\Noadsch12\Documents\12th-Client\.gradle\loom-cache\remapped_mods\remapped\net\fabricmc\fabric-api\fabric-entity-events-v1-22e4ff05\2.1.13+fde3702c6f\fabric-entity-events-v1-22e4ff05-2.1.13+fde3702c6f.jar to classpath.
[17:14:15] [main/DEBUG] (FabricLoader/Knot) Adding C:\Users\Noadsch12\Documents\12th-Client\.gradle\loom-cache\remapped_mods\remapped\net\fabricmc\fabric-api\fabric-registry-sync-v0-22e4ff05\6.1.42+679c8c5c6f\fabric-registry-sync-v0-22e4ff05-6.1.42+679c8c5c6f.jar to classpath.
[17:14:15] [main/DEBUG] (FabricLoader/Knot) Adding C:\Users\Noadsch12\Documents\12th-Client\.gradle\loom-cache\remapped_mods\remapped\net\fabricmc\fabric-api\fabric-loot-api-v3-22e4ff05\2.0.14+d17682156f\fabric-loot-api-v3-22e4ff05-2.0.14+d17682156f.jar to classpath.
[17:14:15] [main/DEBUG] (FabricLoader/Knot) Adding C:\Users\Noadsch12\Documents\12th-Client\.gradle\loom-cache\remapped_mods\remapped\net\fabricmc\fabric-api\fabric-resource-loader-v0-22e4ff05\3.3.1+d4d4122a6f\fabric-resource-loader-v0-22e4ff05-3.3.1+d4d4122a6f.jar to classpath.
[17:14:15] [main/DEBUG] (FabricLoader/Knot) Adding C:\Users\Noadsch12\Documents\12th-Client\.gradle\loom-cache\remapped_mods\remapped\net\fabricmc\fabric-api\fabric-crash-report-info-v1-22e4ff05\0.3.18+33df5e6e6f\fabric-crash-report-info-v1-22e4ff05-0.3.18+33df5e6e6f.jar to classpath.
[17:14:15] [main/DEBUG] (FabricLoader/Knot) Adding C:\Users\Noadsch12\Documents\12th-Client\.gradle\loom-cache\remapped_mods\remapped\net\fabricmc\fabric-api\fabric-tag-api-v1-22e4ff05\1.2.13+2fa446b26f\fabric-tag-api-v1-22e4ff05-1.2.13+2fa446b26f.jar to classpath.
[17:14:15] [main/DEBUG] (FabricLoader/Knot) Adding C:\Users\Noadsch12\Documents\12th-Client\.gradle\loom-cache\remapped_mods\remapped\net\fabricmc\fabric-api\fabric-rendering-v1-22e4ff05\16.2.0+bee81f016f\fabric-rendering-v1-22e4ff05-16.2.0+bee81f016f.jar to classpath.
[17:14:15] [main/DEBUG] (FabricLoader/Knot) Adding C:\Users\Noadsch12\Documents\12th-Client\.gradle\loom-cache\remapped_mods\remapped\net\fabricmc\fabric-api\fabric-command-api-v2-22e4ff05\2.4.0+c0ab2d5d6f\fabric-command-api-v2-22e4ff05-2.4.0+c0ab2d5d6f.jar to classpath.
[17:14:15] [main/DEBUG] (FabricLoader/Knot) Adding C:\Users\Noadsch12\Documents\12th-Client\.gradle\loom-cache\remapped_mods\remapped\net\fabricmc\fabric-api\fabric-renderer-api-v1-22e4ff05\7.2.2+3706cdf36f\fabric-renderer-api-v1-22e4ff05-7.2.2+3706cdf36f.jar to classpath.
[17:14:15] [main/DEBUG] (FabricLoader/Knot) Adding C:\Users\Noadsch12\Documents\12th-Client\.gradle\loom-cache\remapped_mods\remapped\net\fabricmc\fabric-api\fabric-key-binding-api-v1-22e4ff05\1.1.1+b3ba9c486f\fabric-key-binding-api-v1-22e4ff05-1.1.1+b3ba9c486f.jar to classpath.
[17:14:15] [main/DEBUG] (FabricLoader/Knot) Adding C:\Users\Noadsch12\Documents\12th-Client\.gradle\loom-cache\remapped_mods\remapped\net\fabricmc\fabric-api\fabric-screen-api-v1-22e4ff05\3.1.0+9c82a7986f\fabric-screen-api-v1-22e4ff05-3.1.0+9c82a7986f.jar to classpath.
[17:14:15] [main/DEBUG] (FabricLoader/Knot) Adding C:\Users\Noadsch12\Documents\12th-Client\.gradle\loom-cache\remapped_mods\remapped\net\fabricmc\fabric-api\fabric-data-attachment-api-v1-22e4ff05\1.8.33+cd3b9e596f\fabric-data-attachment-api-v1-22e4ff05-1.8.33+cd3b9e596f.jar to classpath.
[17:14:15] [main/DEBUG] (FabricLoader/Knot) Adding C:\Users\Noadsch12\Documents\12th-Client\.gradle\loom-cache\remapped_mods\remapped\net\fabricmc\fabric-api\fabric-api-lookup-api-v1-22e4ff05\1.6.106+d17682156f\fabric-api-lookup-api-v1-22e4ff05-1.6.106+d17682156f.jar to classpath.
[17:14:15] [main/DEBUG] (FabricLoader/Entrypoint) Registering new-style initializer net.fabricmc.fabric.impl.tag.convention.v2.TranslationConventionLogWarnings for mod fabric-convention-tags-v2 (key main)
[17:14:15] [main/DEBUG] (FabricLoader/Entrypoint) Registering new-style initializer net.fabricmc.fabric.impl.networking.client.ClientNetworkingImpl::clientInit for mod fabric-networking-api-v1 (key client)
[17:14:15] [main/DEBUG] (FabricLoader/Entrypoint) Registering new-style initializer net.fabricmc.fabric.impl.networking.CommonPacketsImpl::init for mod fabric-networking-api-v1 (key main)
[17:14:15] [main/DEBUG] (FabricLoader/Entrypoint) Registering new-style initializer net.fabricmc.fabric.impl.networking.NetworkingImpl::init for mod fabric-networking-api-v1 (key main)
[17:14:15] [main/DEBUG] (FabricLoader/Entrypoint) Registering new-style initializer net.fabricmc.fabric.impl.client.particle.ExtendedBlockStateParticleEffectSyncClient for mod fabric-particles-v1 (key client)
[17:14:15] [main/DEBUG] (FabricLoader/Entrypoint) Registering new-style initializer net.fabricmc.fabric.impl.particle.ExtendedBlockStateParticleEffectSync for mod fabric-particles-v1 (key main)
[17:14:15] [main/DEBUG] (FabricLoader/Entrypoint) Registering new-style initializer net.fabricmc.fabric.impl.client.indigo.Indigo for mod fabric-renderer-indigo (key client)
[17:14:15] [main/DEBUG] (FabricLoader/Entrypoint) Registering new-style initializer com.noadsch12.TwelfthClient for mod twelfth-client (key client)
[17:14:15] [main/DEBUG] (FabricLoader/Entrypoint) Registering new-style initializer com.noadsch12.TwelfthMain for mod twelfth-client (key main)
[17:14:15] [main/DEBUG] (FabricLoader/Entrypoint) Registering new-style initializer com.noadsch12.CrashCatcherPreLaunch for mod twelfth-client (key preLaunch)
[17:14:15] [main/DEBUG] (FabricLoader/Entrypoint) Registering new-style initializer io.wispforest.owo.compat.emi.OwoEmiPlugin for mod owo (key emi)
[17:14:15] [main/DEBUG] (FabricLoader/Entrypoint) Registering new-style initializer io.wispforest.owo.compat.modmenu.OwoModMenuPlugin for mod owo (key modmenu)
[17:14:15] [main/DEBUG] (FabricLoader/Entrypoint) Registering new-style initializer io.wispforest.owo.compat.rei.OwoReiPlugin for mod owo (key rei_client)
[17:14:15] [main/DEBUG] (FabricLoader/Entrypoint) Registering new-style initializer io.wispforest.owo.client.OwoClient for mod owo (key client)
[17:14:15] [main/DEBUG] (FabricLoader/Entrypoint) Registering new-style initializer io.wispforest.owo.Owo for mod owo (key main)
[17:14:15] [main/DEBUG] (FabricLoader/Entrypoint) Registering new-style initializer net.fabricmc.fabric.impl.resource.conditions.ResourceConditionsImpl for mod fabric-resource-conditions-api-v1 (key main)
[17:14:15] [main/DEBUG] (FabricLoader/Entrypoint) Registering new-style initializer net.fabricmc.fabric.impl.event.interaction.InteractionEventsRouter for mod fabric-events-interaction-v0 (key main)
[17:14:15] [main/DEBUG] (FabricLoader/Entrypoint) Registering new-style initializer net.fabricmc.fabric.impl.client.model.loading.CustomUnbakedBlockStateModelInit for mod fabric-model-loading-api-v1 (key client)
[17:14:15] [main/DEBUG] (FabricLoader/Entrypoint) Registering new-style initializer net.fabricmc.fabric.impl.recipe.ingredient.client.CustomIngredientSyncClient for mod fabric-recipe-api-v1 (key client)
[17:14:15] [main/DEBUG] (FabricLoader/Entrypoint) Registering new-style initializer net.fabricmc.fabric.impl.recipe.sync.client.RecipeSyncImplClient for mod fabric-recipe-api-v1 (key client)
[17:14:15] [main/DEBUG] (FabricLoader/Entrypoint) Registering new-style initializer net.fabricmc.fabric.impl.recipe.ingredient.CustomIngredientInit for mod fabric-recipe-api-v1 (key main)
[17:14:15] [main/DEBUG] (FabricLoader/Entrypoint) Registering new-style initializer net.fabricmc.fabric.impl.recipe.ingredient.CustomIngredientSync for mod fabric-recipe-api-v1 (key main)
[17:14:15] [main/DEBUG] (FabricLoader/Entrypoint) Registering new-style initializer net.fabricmc.fabric.impl.recipe.sync.RecipeSyncImpl for mod fabric-recipe-api-v1 (key main)
[17:14:15] [main/DEBUG] (FabricLoader/Entrypoint) Registering new-style initializer net.fabricmc.fabric.impl.gametest.FabricGameTestModInitializer for mod fabric-gametest-api-v1 (key main)
[17:14:15] [main/DEBUG] (FabricLoader/Entrypoint) Registering new-style initializer net.fabricmc.fabric.impl.client.event.lifecycle.ClientLifecycleEventsImpl for mod fabric-lifecycle-events-v1 (key client)
[17:14:15] [main/DEBUG] (FabricLoader/Entrypoint) Registering new-style initializer net.fabricmc.fabric.impl.event.lifecycle.LifecycleEventsImpl for mod fabric-lifecycle-events-v1 (key main)
[17:14:15] [main/DEBUG] (FabricLoader/Entrypoint) Registering new-style initializer fudge.notenoughcrashes.fabric.config.ModMenuConfigIntegration for mod notenoughcrashes (key modmenu)
[17:14:15] [main/DEBUG] (FabricLoader/Entrypoint) Registering new-style initializer fudge.notenoughcrashes.fabric.NotEnoughCrashesFabric for mod notenoughcrashes (key main)
[17:14:15] [main/DEBUG] (FabricLoader/Entrypoint) Registering new-style initializer net.fabricmc.fabric.impl.screenhandler.client.ClientNetworking for mod fabric-screen-handler-api-v1 (key client)
[17:14:15] [main/DEBUG] (FabricLoader/Entrypoint) Registering new-style initializer net.fabricmc.fabric.impl.screenhandler.Networking for mod fabric-screen-handler-api-v1 (key main)
[17:14:15] [main/DEBUG] (FabricLoader/Entrypoint) Registering new-style initializer net.fabricmc.fabric.impl.loot.v2.LootInitializer for mod fabric-loot-api-v2 (key main)
[17:14:15] [main/DEBUG] (FabricLoader/Entrypoint) Registering new-style initializer net.fabricmc.fabric.impl.tag.convention.ConventionLogWarnings for mod fabric-convention-tags-v1 (key main)
[17:14:15] [main/DEBUG] (FabricLoader/Entrypoint) Registering new-style initializer net.fabricmc.fabric.impl.client.registry.sync.FabricRegistryClientInit for mod fabric-registry-sync-v0 (key client)
[17:14:15] [main/DEBUG] (FabricLoader/Entrypoint) Registering new-style initializer net.fabricmc.fabric.impl.registry.sync.FabricRegistryInit for mod fabric-registry-sync-v0 (key main)
[17:14:15] [main/DEBUG] (FabricLoader/Entrypoint) Registering new-style initializer net.fabricmc.fabric.impl.tag.TagInit for mod fabric-tag-api-v1 (key main)
[17:14:15] [main/DEBUG] (FabricLoader/Entrypoint) Registering new-style initializer net.fabricmc.fabric.impl.client.rendering.hud.HudStatusBarHeightRegistryImpl for mod fabric-rendering-v1 (key client)
[17:14:15] [main/DEBUG] (FabricLoader/Entrypoint) Registering new-style initializer net.fabricmc.fabric.impl.renderer.DebugHudClient for mod fabric-renderer-api-v1 (key client)
[17:14:15] [main/DEBUG] (FabricLoader/Entrypoint) Registering new-style initializer net.fabricmc.fabric.impl.attachment.client.AttachmentSyncClient for mod fabric-data-attachment-api-v1 (key client)
[17:14:15] [main/DEBUG] (FabricLoader/Entrypoint) Registering new-style initializer net.fabricmc.fabric.impl.attachment.AttachmentEntrypoint for mod fabric-data-attachment-api-v1 (key main)
[17:14:15] [main/DEBUG] (FabricLoader/Entrypoint) Registering new-style initializer net.fabricmc.fabric.impl.attachment.sync.AttachmentSync for mod fabric-data-attachment-api-v1 (key main)
[17:14:15] [main/DEBUG] (FabricLoader/Entrypoint) Registering new-style initializer net.fabricmc.fabric.impl.lookup.ApiLookupImpl for mod fabric-api-lookup-api-v1 (key main)
[17:14:15] [main/INFO] (FabricLoader/Mixin) SpongePowered MIXIN Subsystem Version=0.8.7 Source=file:/C:/Users/Noadsch12/.gradle/caches/modules-2/files-2.1/net.fabricmc/sponge-mixin/0.16.5+mixin.0.8.7/80fc3a9f592673cea87f4cd702f87991c6c9fe4d/sponge-mixin-0.16.5+mixin.0.8.7.jar Service=Knot/Fabric Env=CLIENT
[17:14:15] [main/DEBUG] (FabricLoader/Mixin) Initialising Mixin Platform Manager
[17:14:15] [main/DEBUG] (FabricLoader/Mixin) Adding mixin platform agents for container ContainerHandleURI(file:///C:/Users/Noadsch12/.gradle/caches/modules-2/files-2.1/net.fabricmc/fabric-loader/0.18.0/c05992f2e2d07b07a5bd23a03379bed1a778383a/fabric-loader-0.18.0.jar)
[17:14:15] [main/DEBUG] (FabricLoader/Mixin) Instancing new MixinPlatformAgentDefault for ContainerHandleURI(file:///C:/Users/Noadsch12/.gradle/caches/modules-2/files-2.1/net.fabricmc/fabric-loader/0.18.0/c05992f2e2d07b07a5bd23a03379bed1a778383a/fabric-loader-0.18.0.jar)
[17:14:15] [main/DEBUG] (FabricLoader/Mixin) MixinPlatformAgentDefault accepted container ContainerHandleURI(file:///C:/Users/Noadsch12/.gradle/caches/modules-2/files-2.1/net.fabricmc/fabric-loader/0.18.0/c05992f2e2d07b07a5bd23a03379bed1a778383a/fabric-loader-0.18.0.jar)
[17:14:15] [main/DEBUG] (FabricLoader/Mixin) Instancing new MixinPlatformAgentDefault for ContainerHandleURI(file:///C:/Users/Noadsch12/.gradle/caches/modules-2/files-2.1/net.fabricmc/fabric-loader/0.18.0/c05992f2e2d07b07a5bd23a03379bed1a778383a/fabric-loader-0.18.0.jar)
[17:14:15] [main/DEBUG] (FabricLoader/Mixin) MixinPlatformAgentDefault accepted container ContainerHandleURI(file:///C:/Users/Noadsch12/.gradle/caches/modules-2/files-2.1/net.fabricmc/fabric-loader/0.18.0/c05992f2e2d07b07a5bd23a03379bed1a778383a/fabric-loader-0.18.0.jar)
[17:14:15] [main/DEBUG] (FabricLoader/Mixin) Processing prepare() for PlatformAgent[MixinPlatformAgentDefault:ContainerHandleURI(file:///C:/Users/Noadsch12/.gradle/caches/modules-2/files-2.1/net.fabricmc/fabric-loader/0.18.0/c05992f2e2d07b07a5bd23a03379bed1a778383a/fabric-loader-0.18.0.jar)]
[17:14:15] [main/DEBUG] (FabricLoader/Mixin) Processing prepare() for PlatformAgent[MixinPlatformAgentDefault:ContainerHandleURI(file:///C:/Users/Noadsch12/.gradle/caches/modules-2/files-2.1/net.fabricmc/fabric-loader/0.18.0/c05992f2e2d07b07a5bd23a03379bed1a778383a/fabric-loader-0.18.0.jar)]
[17:14:15] [main/INFO] (FabricLoader/Mixin) Loaded Fabric development mappings for mixin remapper!
[17:14:15] [main/DEBUG] (FabricLoader/Mixin) Compatibility level JAVA_21 specified by fabric-message-api-v1.mixins.json is higher than the maximum level supported by this version of mixin (JAVA_13).
[17:14:15] [main/INFO] (FabricLoader/Mixin) Compatibility level set to JAVA_21
[17:14:15] [main/DEBUG] (FabricLoader/Mixin) Mixin config fabric-message-api-v1.mixins.json does not specify "minVersion" or "requiredFeatures" property
[17:14:15] [main/DEBUG] (FabricLoader/Mixin) Mixin config fabric-message-api-v1.client.mixins.json does not specify "minVersion" or "requiredFeatures" property
[17:14:15] [main/DEBUG] (FabricLoader/Mixin) Mixin config fabric-convention-tags-api-v2.mixins.json does not specify "minVersion" or "requiredFeatures" property
[17:14:15] [main/DEBUG] (FabricLoader/Mixin) Mixin config fabric-rendering-fluids-v1.mixins.json does not specify "minVersion" or "requiredFeatures" property
[17:14:15] [main/DEBUG] (FabricLoader/Mixin) Mixin config fabric-block-view-api-v2.mixins.json does not specify "minVersion" or "requiredFeatures" property
[17:14:15] [main/DEBUG] (FabricLoader/Mixin) Mixin config fabric-block-view-api-v2.client.mixins.json does not specify "minVersion" or "requiredFeatures" property
[17:14:15] [main/DEBUG] (FabricLoader/Mixin) Mixin config fabric-networking-api-v1.mixins.json does not specify "minVersion" or "requiredFeatures" property
[17:14:15] [main/DEBUG] (FabricLoader/Mixin) Mixin config fabric-networking-api-v1.client.mixins.json does not specify "minVersion" or "requiredFeatures" property
[17:14:15] [main/DEBUG] (FabricLoader/Mixin) Mixin config fabric-item-group-api-v1.mixins.json does not specify "minVersion" or "requiredFeatures" property
[17:14:15] [main/DEBUG] (FabricLoader/Mixin) Mixin config fabric-item-group-api-v1.client.mixins.json does not specify "minVersion" or "requiredFeatures" property
[17:14:15] [main/DEBUG] (FabricLoader/Mixin) Mixin config fabric-data-generation-api-v1.mixins.json does not specify "minVersion" or "requiredFeatures" property
[17:14:15] [main/DEBUG] (FabricLoader/Mixin) Mixin config fabric-data-generation-api-v1.client.mixins.json does not specify "minVersion" or "requiredFeatures" property
[17:14:15] [main/DEBUG] (FabricLoader/Mixin) Mixin config fabric-resource-loader-v1.mixins.json does not specify "minVersion" or "requiredFeatures" property
[17:14:15] [main/DEBUG] (FabricLoader/Mixin) Mixin config fabric-resource-loader-v1.client.mixins.json does not specify "minVersion" or "requiredFeatures" property
[17:14:15] [main/DEBUG] (FabricLoader/Mixin) Mixin config fabric-biome-api-v1.mixins.json does not specify "minVersion" or "requiredFeatures" property
[17:14:15] [main/DEBUG] (FabricLoader/Mixin) Mixin config fabric-particles-v1.mixins.json does not specify "minVersion" or "requiredFeatures" property
[17:14:15] [main/DEBUG] (FabricLoader/Mixin) Mixin config fabric-particles-v1.client.mixins.json does not specify "minVersion" or "requiredFeatures" property
[17:14:15] [main/DEBUG] (FabricLoader/Mixin) Mixin config fabric-block-api-v1.mixins.json does not specify "minVersion" or "requiredFeatures" property
[17:14:15] [main/DEBUG] (FabricLoader/Mixin) Mixin config fabric-renderer-indigo.mixins.json does not specify "minVersion" or "requiredFeatures" property
[17:14:15] [main/DEBUG] (FabricLoader/Mixin) Mixin config 12th-client.mixins.json does not specify "minVersion" or "requiredFeatures" property
[17:14:15] [main/DEBUG] (FabricLoader/Mixin) Compatibility level JAVA_16 specified by owo.mixins.json is higher than the maximum level supported by this version of mixin (JAVA_13).
[17:14:15] [main/DEBUG] (FabricLoader/Mixin) Mixin config fabric-resource-conditions-api-v1.mixins.json does not specify "minVersion" or "requiredFeatures" property
[17:14:15] [main/DEBUG] (FabricLoader/Mixin) Mixin config fabric-events-interaction-v0.mixins.json does not specify "minVersion" or "requiredFeatures" property
[17:14:15] [main/DEBUG] (FabricLoader/Mixin) Mixin config fabric-events-interaction-v0.client.mixins.json does not specify "minVersion" or "requiredFeatures" property
[17:14:15] [main/DEBUG] (FabricLoader/Mixin) Mixin config fabric-model-loading-api-v1.mixins.json does not specify "minVersion" or "requiredFeatures" property
[17:14:15] [main/DEBUG] (FabricLoader/Mixin) Mixin config fabric-dimensions-v1.mixins.json does not specify "minVersion" or "requiredFeatures" property
[17:14:15] [main/DEBUG] (FabricLoader/Mixin) Mixin config fabric-serialization-api-v1.mixins.json does not specify "minVersion" or "requiredFeatures" property
[17:14:15] [main/DEBUG] (FabricLoader/Mixin) Mixin config fabric-recipe-api-v1.mixins.json does not specify "minVersion" or "requiredFeatures" property
[17:14:15] [main/DEBUG] (FabricLoader/Mixin) Mixin config fabric-recipe-api-v1.client.mixins.json does not specify "minVersion" or "requiredFeatures" property
[17:14:15] [main/DEBUG] (FabricLoader/Mixin) Mixin config fabric-item-api-v1.mixins.json does not specify "minVersion" or "requiredFeatures" property
[17:14:15] [main/DEBUG] (FabricLoader/Mixin) Mixin config fabric-item-api-v1.client.mixins.json does not specify "minVersion" or "requiredFeatures" property
[17:14:15] [main/DEBUG] (FabricLoader/Mixin) Mixin config fabric-gametest-api-v1.mixins.json does not specify "minVersion" or "requiredFeatures" property
[17:14:15] [main/DEBUG] (FabricLoader/Mixin) Mixin config fabric-lifecycle-events-v1.mixins.json does not specify "minVersion" or "requiredFeatures" property
[17:14:15] [main/DEBUG] (FabricLoader/Mixin) Mixin config fabric-lifecycle-events-v1.client.mixins.json does not specify "minVersion" or "requiredFeatures" property
[17:14:15] [main/DEBUG] (FabricLoader/Mixin) Mixin config fabric-content-registries-v0.mixins.json does not specify "minVersion" or "requiredFeatures" property
[17:14:15] [main/DEBUG] (FabricLoader/Mixin) Mixin config fabric-screen-handler-api-v1.mixins.json does not specify "minVersion" or "requiredFeatures" property
[17:14:15] [main/DEBUG] (FabricLoader/Mixin) Mixin config fabric-game-rule-api-v1.mixins.json does not specify "minVersion" or "requiredFeatures" property
[17:14:15] [main/DEBUG] (FabricLoader/Mixin) Mixin config fabric-game-rule-api-v1.client.mixins.json does not specify "minVersion" or "requiredFeatures" property
[17:14:15] [main/DEBUG] (FabricLoader/Mixin) Mixin config fabric-object-builder-v1.mixins.json does not specify "minVersion" or "requiredFeatures" property
[17:14:15] [main/DEBUG] (FabricLoader/Mixin) Mixin config fabric-object-builder-v1.client.mixins.json does not specify "minVersion" or "requiredFeatures" property
[17:14:15] [main/DEBUG] (FabricLoader/Mixin) Mixin config fabric-loot-api-v2.mixins.json does not specify "minVersion" or "requiredFeatures" property
[17:14:15] [main/DEBUG] (FabricLoader/Mixin) Mixin config fabric-client-gametest-api-v1.mixins.json does not specify "minVersion" or "requiredFeatures" property
[17:14:15] [main/DEBUG] (FabricLoader/Mixin) Mixin config fabric-sound-api-v1.mixins.json does not specify "minVersion" or "requiredFeatures" property
[17:14:15] [main/DEBUG] (FabricLoader/Mixin) Mixin config fabric-transfer-api-v1.mixins.json does not specify "minVersion" or "requiredFeatures" property
[17:14:15] [main/DEBUG] (FabricLoader/Mixin) Mixin config fabric-entity-events-v1.mixins.json does not specify "minVersion" or "requiredFeatures" property
[17:14:15] [main/DEBUG] (FabricLoader/Mixin) Mixin config fabric-registry-sync-v0.mixins.json does not specify "minVersion" or "requiredFeatures" property
[17:14:15] [main/DEBUG] (FabricLoader/Mixin) Mixin config fabric-registry-sync-v0.client.mixins.json does not specify "minVersion" or "requiredFeatures" property
[17:14:15] [main/DEBUG] (FabricLoader/Mixin) Mixin config fabric-loot-api-v3.mixins.json does not specify "minVersion" or "requiredFeatures" property
[17:14:15] [main/DEBUG] (FabricLoader/Mixin) Mixin config fabric-resource-loader-v0.mixins.json does not specify "minVersion" or "requiredFeatures" property
[17:14:15] [main/DEBUG] (FabricLoader/Mixin) Mixin config fabric-resource-loader-v0.client.mixins.json does not specify "minVersion" or "requiredFeatures" property
[17:14:15] [main/DEBUG] (FabricLoader/Mixin) Mixin config fabric-crash-report-info-v1.mixins.json does not specify "minVersion" or "requiredFeatures" property
[17:14:15] [main/DEBUG] (FabricLoader/Mixin) Mixin config fabric-tag-api-v1.mixins.json does not specify "minVersion" or "requiredFeatures" property
[17:14:15] [main/DEBUG] (FabricLoader/Mixin) Mixin config fabric-rendering-v1.mixins.json does not specify "minVersion" or "requiredFeatures" property
[17:14:15] [main/DEBUG] (FabricLoader/Mixin) Mixin config fabric-command-api-v2.mixins.json does not specify "minVersion" or "requiredFeatures" property
[17:14:15] [main/DEBUG] (FabricLoader/Mixin) Mixin config fabric-command-api-v2.client.mixins.json does not specify "minVersion" or "requiredFeatures" property
[17:14:15] [main/DEBUG] (FabricLoader/Mixin) Mixin config fabric-renderer-api-v1.mixins.json does not specify "minVersion" or "requiredFeatures" property
[17:14:15] [main/DEBUG] (FabricLoader/Mixin) Mixin config fabric-key-binding-api-v1.mixins.json does not specify "minVersion" or "requiredFeatures" property
[17:14:15] [main/DEBUG] (FabricLoader/Mixin) Mixin config fabric-screen-api-v1.mixins.json does not specify "minVersion" or "requiredFeatures" property
[17:14:15] [main/DEBUG] (FabricLoader/Mixin) Mixin config fabric-data-attachment-api-v1.mixins.json does not specify "minVersion" or "requiredFeatures" property
[17:14:15] [main/DEBUG] (FabricLoader/Mixin) Mixin config fabric-data-attachment-api-v1.client.mixins.json does not specify "minVersion" or "requiredFeatures" property
[17:14:15] [main/DEBUG] (FabricLoader/Mixin) Mixin config fabric-api-lookup-api-v1.mixins.json does not specify "minVersion" or "requiredFeatures" property
[17:14:15] [main/DEBUG] (FabricLoader/Knot) Adding C:\Users\Noadsch12\Documents\12th-Client\.gradle\loom-cache\minecraftMaven\net\minecraft\minecraft-merged-6cb5df0391\1.21.10-net.fabricmc.yarn.1_21_10.1.21.10+build.2-v2\minecraft-merged-6cb5df0391-1.21.10-net.fabricmc.yarn.1_21_10.1.21.10+build.2-v2.jar to classpath.
[17:14:15] [main/DEBUG] (FabricLoader/Knot) Adding C:\Users\Noadsch12\Documents\12th-Client\build\classes\java\main to classpath.
[17:14:15] [main/DEBUG] (FabricLoader/Knot) Adding C:\Users\Noadsch12\Documents\12th-Client\build\resources\main to classpath.
[17:14:15] [main/DEBUG] (FabricLoader/Knot) Adding C:\Users\Noadsch12\.gradle\caches\fabric-loom\1.21.10\net.fabricmc.yarn.1_21_10.1.21.10+build.2-v2\mappings.jar to classpath.
[17:14:15] [main/DEBUG] (FabricLoader/Knot) Adding C:\Users\Noadsch12\.gradle\caches\modules-2\files-2.1\com.github.Vatuu\discord-rpc\1.6.2\1e2a38614325e809efe442d82231e7c172cf94ab\discord-rpc-1.6.2.jar to classpath.
[17:14:15] [main/DEBUG] (FabricLoader/Knot) Adding C:\Users\Noadsch12\.gradle\caches\modules-2\files-2.1\io.github.llamalad7\mixinextras-fabric\0.5.0\91a83dfb7abd320f6236bd1fcf5c0ff143d59a13\mixinextras-fabric-0.5.0.jar to classpath.
[17:14:15] [main/DEBUG] (FabricLoader/Knot) Adding C:\Users\Noadsch12\.gradle\caches\modules-2\files-2.1\net.fabricmc\dev-launch-injector\0.2.1+build.8\da8bef7e6e2f952da707f282bdb46882a0fce5e3\dev-launch-injector-0.2.1+build.8.jar to classpath.
[17:14:15] [main/DEBUG] (FabricLoader/Knot) Adding C:\Users\Noadsch12\.gradle\caches\modules-2\files-2.1\com.fasterxml.jackson.core\jackson-annotations\2.13.4\858c6cc78e1f08a885b1613e1d817c829df70a6e\jackson-annotations-2.13.4.jar to classpath.
[17:14:15] [main/DEBUG] (FabricLoader/Knot) Adding C:\Users\Noadsch12\.gradle\caches\modules-2\files-2.1\com.fasterxml.jackson.core\jackson-core\2.13.4\cf934c681294b97ef6d80082faeefbe1edadf56\jackson-core-2.13.4.jar to classpath.
[17:14:15] [main/DEBUG] (FabricLoader/Knot) Adding C:\Users\Noadsch12\.gradle\caches\modules-2\files-2.1\com.fasterxml.jackson.core\jackson-databind\2.13.4.2\325c06bdfeb628cfb80ebaaf1a26cc1eb558a585\jackson-databind-2.13.4.2.jar to classpath.
[17:14:15] [main/DEBUG] (FabricLoader/Knot) Adding C:\Users\Noadsch12\.gradle\caches\modules-2\files-2.1\com.github.oshi\oshi-core\6.6.5\e1099981fd15dc4236c4499d82aba1276fb43a9a\oshi-core-6.6.5.jar to classpath.
[17:14:15] [main/DEBUG] (FabricLoader/Knot) Adding C:\Users\Noadsch12\.gradle\caches\modules-2\files-2.1\com.github.stephenc.jcip\jcip-annotations\1.0-1\ef31541dd28ae2cefdd17c7ebf352d93e9058c63\jcip-annotations-1.0-1.jar to classpath.
[17:14:15] [main/DEBUG] (FabricLoader/Knot) Adding C:\Users\Noadsch12\.gradle\caches\modules-2\files-2.1\com.google.guava\failureaccess\1.0.2\c4a06a64e650562f30b7bf9aaec1bfed43aca12b\failureaccess-1.0.2.jar to classpath.
[17:14:15] [main/DEBUG] (FabricLoader/Knot) Adding C:\Users\Noadsch12\.gradle\caches\modules-2\files-2.1\com.google.guava\guava\33.3.1-jre\852f8b363da0111e819460021ca693cacca3e8db\guava-33.3.1-jre.jar to classpath.
[17:14:15] [main/DEBUG] (FabricLoader/Knot) Adding C:\Users\Noadsch12\.gradle\caches\modules-2\files-2.1\com.ibm.icu\icu4j\76.1\215f3a8e936d4069344bd75f2b1368fd58112894\icu4j-76.1.jar to classpath.
[17:14:15] [main/DEBUG] (FabricLoader/Knot) Adding C:\Users\Noadsch12\.gradle\caches\modules-2\files-2.1\com.microsoft.azure\msal4j\1.17.2\a6211e3d71d0388929babaa0ff0951b30d001852\msal4j-1.17.2.jar to classpath.
[17:14:15] [main/DEBUG] (FabricLoader/Knot) Adding C:\Users\Noadsch12\.gradle\caches\modules-2\files-2.1\com.mojang\blocklist\1.0.10\5c685c5ffa94c4cd39496c7184c1d122e515ecef\blocklist-1.0.10.jar to classpath.
[17:14:15] [main/DEBUG] (FabricLoader/Knot) Adding C:\Users\Noadsch12\.gradle\caches\modules-2\files-2.1\com.mojang\brigadier\1.3.10\d15b53a14cf20fdcaa98f731af5dda654452c010\brigadier-1.3.10.jar to classpath.
[17:14:15] [main/DEBUG] (FabricLoader/Knot) Adding C:\Users\Noadsch12\.gradle\caches\modules-2\files-2.1\com.mojang\datafixerupper\8.0.16\67d4de6d7f95d89bcf5862995fb854ebaec02a34\datafixerupper-8.0.16.jar to classpath.
[17:14:15] [main/DEBUG] (FabricLoader/Knot) Adding C:\Users\Noadsch12\.gradle\caches\modules-2\files-2.1\com.mojang\jtracy\1.0.36\20a63d06b621bfeb3cb21ef51b7fa40c0fc22021\jtracy-1.0.36.jar to classpath.
[17:14:15] [main/DEBUG] (FabricLoader/Knot) Adding C:\Users\Noadsch12\.gradle\caches\modules-2\files-2.1\com.mojang\jtracy\1.0.36\b42bc771ab0d38a920258dd771eaf4f3c08011fa\jtracy-1.0.36-natives-windows.jar to classpath.
[17:14:15] [main/DEBUG] (FabricLoader/Knot) Adding C:\Users\Noadsch12\.gradle\caches\modules-2\files-2.1\com.mojang\patchy\2.2.10\da05971b07cbb379d002cf7eaec6a2048211fefc\patchy-2.2.10.jar to classpath.
[17:14:15] [main/DEBUG] (FabricLoader/Knot) Adding C:\Users\Noadsch12\.gradle\caches\modules-2\files-2.1\com.mojang\text2speech\1.18.11\e853a12cdd6ba4f4836e8f4bf3b37844a13482b6\text2speech-1.18.11.jar to classpath.
[17:14:15] [main/DEBUG] (FabricLoader/Knot) Adding C:\Users\Noadsch12\.gradle\caches\modules-2\files-2.1\com.nimbusds\content-type\2.3\e3aa0be212d7a42839a8f3f506f5b990bcce0222\content-type-2.3.jar to classpath.
[17:14:15] [main/DEBUG] (FabricLoader/Knot) Adding C:\Users\Noadsch12\.gradle\caches\modules-2\files-2.1\com.nimbusds\lang-tag\1.7\97c73ecd70bc7e8eefb26c5eea84f251a63f1031\lang-tag-1.7.jar to classpath.
[17:14:15] [main/DEBUG] (FabricLoader/Knot) Adding C:\Users\Noadsch12\.gradle\caches\modules-2\files-2.1\com.nimbusds\nimbus-jose-jwt\9.40\42b1dfa0360e4062951b070bac52dd8d96fd7b38\nimbus-jose-jwt-9.40.jar to classpath.
[17:14:15] [main/DEBUG] (FabricLoader/Knot) Adding C:\Users\Noadsch12\.gradle\caches\modules-2\files-2.1\com.nimbusds\oauth2-oidc-sdk\11.18\7c7ec4f4066625ff07a711ad856fa04da1ff9de\oauth2-oidc-sdk-11.18.jar to classpath.
[17:14:15] [main/DEBUG] (FabricLoader/Knot) Adding C:\Users\Noadsch12\.gradle\caches\modules-2\files-2.1\commons-codec\commons-codec\1.17.1\973638b7149d333563584137ebf13a691bb60579\commons-codec-1.17.1.jar to classpath.
[17:14:15] [main/DEBUG] (FabricLoader/Knot) Adding C:\Users\Noadsch12\.gradle\caches\modules-2\files-2.1\commons-io\commons-io\2.17.0\ddcc8433eb019fb48fe25207c0278143f3e1d7e2\commons-io-2.17.0.jar to classpath.
[17:14:15] [main/DEBUG] (FabricLoader/Knot) Adding C:\Users\Noadsch12\.gradle\caches\modules-2\files-2.1\commons-logging\commons-logging\1.3.4\b9fc14968d63a8b8a8a2c1885fe3e90564239708\commons-logging-1.3.4.jar to classpath.
[17:14:15] [main/DEBUG] (FabricLoader/Knot) Adding C:\Users\Noadsch12\.gradle\caches\modules-2\files-2.1\io.netty\netty-buffer\4.1.118.Final\7022990af1e0d449f9d5322035899745e19735c5\netty-buffer-4.1.118.Final.jar to classpath.
[17:14:15] [main/DEBUG] (FabricLoader/Knot) Adding C:\Users\Noadsch12\.gradle\caches\modules-2\files-2.1\io.netty\netty-codec-http\4.1.118.Final\eda08a71294afe78c779b85fd696bc13491507a8\netty-codec-http-4.1.118.Final.jar to classpath.
[17:14:15] [main/DEBUG] (FabricLoader/Knot) Adding C:\Users\Noadsch12\.gradle\caches\modules-2\files-2.1\io.netty\netty-codec\4.1.118.Final\307f665c08ce57333121de4f460479fc0c3c94d4\netty-codec-4.1.118.Final.jar to classpath.
[17:14:15] [main/DEBUG] (FabricLoader/Knot) Adding C:\Users\Noadsch12\.gradle\caches\modules-2\files-2.1\io.netty\netty-common\4.1.118.Final\4bb0f9899146484fa89f7b9bc27389d5b8e2ecde\netty-common-4.1.118.Final.jar to classpath.
[17:14:15] [main/DEBUG] (FabricLoader/Knot) Adding C:\Users\Noadsch12\.gradle\caches\modules-2\files-2.1\io.netty\netty-handler\4.1.118.Final\30ebb05b6b0fb071dbfcf713017c4a767a97bb9b\netty-handler-4.1.118.Final.jar to classpath.
[17:14:15] [main/DEBUG] (FabricLoader/Knot) Adding C:\Users\Noadsch12\.gradle\caches\modules-2\files-2.1\io.netty\netty-resolver\4.1.118.Final\28c378c19c1779eca1104b400452627f3ebc4aea\netty-resolver-4.1.118.Final.jar to classpath.
[17:14:15] [main/DEBUG] (FabricLoader/Knot) Adding C:\Users\Noadsch12\.gradle\caches\modules-2\files-2.1\io.netty\netty-transport-classes-epoll\4.1.118.Final\376ce95507066f0e755d97c1c8bcd6c33f657617\netty-transport-classes-epoll-4.1.118.Final.jar to classpath.
[17:14:15] [main/DEBUG] (FabricLoader/Knot) Adding C:\Users\Noadsch12\.gradle\caches\modules-2\files-2.1\io.netty\netty-transport-native-unix-common\4.1.118.Final\9da25a94e6a0edac90da0bc7894e5a54efcb866b\netty-transport-native-unix-common-4.1.118.Final.jar to classpath.
[17:14:15] [main/DEBUG] (FabricLoader/Knot) Adding C:\Users\Noadsch12\.gradle\caches\modules-2\files-2.1\io.netty\netty-transport\4.1.118.Final\5a27232e5d08218722d94ca14f0b1b4576e7711c\netty-transport-4.1.118.Final.jar to classpath.
[17:14:15] [main/DEBUG] (FabricLoader/Knot) Adding C:\Users\Noadsch12\.gradle\caches\modules-2\files-2.1\it.unimi.dsi\fastutil\8.5.15\1e885b40c9563ab0d3899b871fd0b30e958705dc\fastutil-8.5.15.jar to classpath.
[17:14:15] [main/DEBUG] (FabricLoader/Knot) Adding C:\Users\Noadsch12\.gradle\caches\modules-2\files-2.1\net.java.dev.jna\jna-platform\5.15.0\86b502cad57d45da172b5e3231c537b042e296ef\jna-platform-5.15.0.jar to classpath.
[17:14:15] [main/DEBUG] (FabricLoader/Knot) Adding C:\Users\Noadsch12\.gradle\caches\modules-2\files-2.1\net.java.dev.jna\jna\5.15.0\1ee1d80ff44f08280188f7c0e740d57207841ac\jna-5.15.0.jar to classpath.
[17:14:15] [main/DEBUG] (FabricLoader/Knot) Adding C:\Users\Noadsch12\.gradle\caches\modules-2\files-2.1\net.minidev\accessors-smart\2.5.1\19b820261eb2e7de7d5bde11d1c06e4501dd7e5f\accessors-smart-2.5.1.jar to classpath.
[17:14:15] [main/DEBUG] (FabricLoader/Knot) Adding C:\Users\Noadsch12\.gradle\caches\modules-2\files-2.1\net.minidev\json-smart\2.5.1\4c11d2808d009132dfbbf947ebf37de6bf266c8e\json-smart-2.5.1.jar to classpath.
[17:14:15] [main/DEBUG] (FabricLoader/Knot) Adding C:\Users\Noadsch12\.gradle\caches\modules-2\files-2.1\net.sf.jopt-simple\jopt-simple\5.0.4\4fdac2fbe92dfad86aa6e9301736f6b4342a3f5c\jopt-simple-5.0.4.jar to classpath.
[17:14:15] [main/DEBUG] (FabricLoader/Knot) Adding C:\Users\Noadsch12\.gradle\caches\modules-2\files-2.1\org.apache.commons\commons-compress\1.27.1\a19151084758e2fbb6b41eddaa88e7b8ff4e6599\commons-compress-1.27.1.jar to classpath.
[17:14:15] [main/DEBUG] (FabricLoader/Knot) Adding C:\Users\Noadsch12\.gradle\caches\modules-2\files-2.1\org.apache.commons\commons-lang3\3.17.0\b17d2136f0460dcc0d2016ceefca8723bdf4ee70\commons-lang3-3.17.0.jar to classpath.
[17:14:15] [main/DEBUG] (FabricLoader/Knot) Adding C:\Users\Noadsch12\.gradle\caches\modules-2\files-2.1\org.apache.httpcomponents\httpclient\4.5.14\1194890e6f56ec29177673f2f12d0b8e627dec98\httpclient-4.5.14.jar to classpath.
[17:14:15] [main/DEBUG] (FabricLoader/Knot) Adding C:\Users\Noadsch12\.gradle\caches\modules-2\files-2.1\org.apache.httpcomponents\httpcore\4.4.16\51cf043c87253c9f58b539c9f7e44c8894223850\httpcore-4.4.16.jar to classpath.
[17:14:15] [main/DEBUG] (FabricLoader/Knot) Adding C:\Users\Noadsch12\.gradle\caches\modules-2\files-2.1\org.jcraft\jorbis\0.0.17\8872d22b293e8f5d7d56ff92be966e6dc28ebdc6\jorbis-0.0.17.jar to classpath.
[17:14:15] [main/DEBUG] (FabricLoader/Knot) Adding C:\Users\Noadsch12\.gradle\caches\modules-2\files-2.1\org.joml\joml\1.10.8\fc0a71dad90a2cf41d82a76156a0e700af8e4f8d\joml-1.10.8.jar to classpath.
[17:14:15] [main/DEBUG] (FabricLoader/Knot) Adding C:\Users\Noadsch12\.gradle\caches\modules-2\files-2.1\org.lwjgl\lwjgl-freetype\3.3.3\a0db6c84a8becc8ca05f9dbfa985edc348a824c7\lwjgl-freetype-3.3.3.jar to classpath.
[17:14:15] [main/DEBUG] (FabricLoader/Knot) Adding C:\Users\Noadsch12\.gradle\caches\modules-2\files-2.1\org.lwjgl\lwjgl-freetype\3.3.3\81091b006dbb43fab04c8c638e9ac87c51b4096d\lwjgl-freetype-3.3.3-natives-windows.jar to classpath.
[17:14:15] [main/DEBUG] (FabricLoader/Knot) Adding C:\Users\Noadsch12\.gradle\caches\modules-2\files-2.1\org.lwjgl\lwjgl-freetype\3.3.3\82028265a0a2ff33523ca75137ada7dc176e5210\lwjgl-freetype-3.3.3-natives-windows-arm64.jar to classpath.
[17:14:15] [main/DEBUG] (FabricLoader/Knot) Adding C:\Users\Noadsch12\.gradle\caches\modules-2\files-2.1\org.lwjgl\lwjgl-freetype\3.3.3\15a8c1de7f51d07a92eae7ce1222557073a0c0c3\lwjgl-freetype-3.3.3-natives-windows-x86.jar to classpath.
[17:14:15] [main/DEBUG] (FabricLoader/Knot) Adding C:\Users\Noadsch12\.gradle\caches\modules-2\files-2.1\org.lwjgl\lwjgl-glfw\3.3.3\efa1eb78c5ccd840e9f329717109b5e892d72f8e\lwjgl-glfw-3.3.3.jar to classpath.
[17:14:15] [main/DEBUG] (FabricLoader/Knot) Adding C:\Users\Noadsch12\.gradle\caches\modules-2\files-2.1\org.lwjgl\lwjgl-glfw\3.3.3\e449e28b4891fc423c54c85fbc5bb0b9efece67a\lwjgl-glfw-3.3.3-natives-windows.jar to classpath.
[17:14:15] [main/DEBUG] (FabricLoader/Knot) Adding C:\Users\Noadsch12\.gradle\caches\modules-2\files-2.1\org.lwjgl\lwjgl-glfw\3.3.3\f27018dc74f6289574502b46cce55d52817554e2\lwjgl-glfw-3.3.3-natives-windows-arm64.jar to classpath.
[17:14:15] [main/DEBUG] (FabricLoader/Knot) Adding C:\Users\Noadsch12\.gradle\caches\modules-2\files-2.1\org.lwjgl\lwjgl-glfw\3.3.3\32334f3fd5270a59bad9939a93115acb6de36dcf\lwjgl-glfw-3.3.3-natives-windows-x86.jar to classpath.
[17:14:15] [main/DEBUG] (FabricLoader/Knot) Adding C:\Users\Noadsch12\.gradle\caches\modules-2\files-2.1\org.lwjgl\lwjgl-jemalloc\3.3.3\b543467b7ff3c6920539a88ee602d34098628be5\lwjgl-jemalloc-3.3.3.jar to classpath.
[17:14:15] [main/DEBUG] (FabricLoader/Knot) Adding C:\Users\Noadsch12\.gradle\caches\modules-2\files-2.1\org.lwjgl\lwjgl-jemalloc\3.3.3\426222fc027602a5f21b9c0fe79cde6a4c7a011f\lwjgl-jemalloc-3.3.3-natives-windows.jar to classpath.
[17:14:15] [main/DEBUG] (FabricLoader/Knot) Adding C:\Users\Noadsch12\.gradle\caches\modules-2\files-2.1\org.lwjgl\lwjgl-jemalloc\3.3.3\ba1f3fed0ee4be0217eaa41c5bbfb4b9b1383c33\lwjgl-jemalloc-3.3.3-natives-windows-arm64.jar to classpath.
[17:14:15] [main/DEBUG] (FabricLoader/Knot) Adding C:\Users\Noadsch12\.gradle\caches\modules-2\files-2.1\org.lwjgl\lwjgl-jemalloc\3.3.3\f6063b6e0f23be483c5c88d84ce51b39dc69126c\lwjgl-jemalloc-3.3.3-natives-windows-x86.jar to classpath.
[17:14:15] [main/DEBUG] (FabricLoader/Knot) Adding C:\Users\Noadsch12\.gradle\caches\modules-2\files-2.1\org.lwjgl\lwjgl-openal\3.3.3\daada81ceb5fc0c291fbfdd4433cb8d9423577f2\lwjgl-openal-3.3.3.jar to classpath.
[17:14:15] [main/DEBUG] (FabricLoader/Knot) Adding C:\Users\Noadsch12\.gradle\caches\modules-2\files-2.1\org.lwjgl\lwjgl-openal\3.3.3\cf83862ae95d98496b26915024c7e666d8ab1c8f\lwjgl-openal-3.3.3-natives-windows.jar to classpath.
[17:14:15] [main/DEBUG] (FabricLoader/Knot) Adding C:\Users\Noadsch12\.gradle\caches\modules-2\files-2.1\org.lwjgl\lwjgl-openal\3.3.3\8e0615235116b9e4160dfe87bec90f5f6378bf72\lwjgl-openal-3.3.3-natives-windows-arm64.jar to classpath.
[17:14:15] [main/DEBUG] (FabricLoader/Knot) Adding C:\Users\Noadsch12\.gradle\caches\modules-2\files-2.1\org.lwjgl\lwjgl-openal\3.3.3\87b8d5050e3adb46bb58fe1cb2669a4a48fce10d\lwjgl-openal-3.3.3-natives-windows-x86.jar to classpath.
[17:14:15] [main/DEBUG] (FabricLoader/Knot) Adding C:\Users\Noadsch12\.gradle\caches\modules-2\files-2.1\org.lwjgl\lwjgl-opengl\3.3.3\2f6b0147078396a58979125a4c947664e98293a\lwjgl-opengl-3.3.3.jar to classpath.
[17:14:15] [main/DEBUG] (FabricLoader/Knot) Adding C:\Users\Noadsch12\.gradle\caches\modules-2\files-2.1\org.lwjgl\lwjgl-opengl\3.3.3\e6c1eec8be8a71951b830a4d69efc01c6531900c\lwjgl-opengl-3.3.3-natives-windows.jar to classpath.
[17:14:15] [main/DEBUG] (FabricLoader/Knot) Adding C:\Users\Noadsch12\.gradle\caches\modules-2\files-2.1\org.lwjgl\lwjgl-opengl\3.3.3\65e956d3735a1abdc82eff4baec1b61174697d4b\lwjgl-opengl-3.3.3-natives-windows-arm64.jar to classpath.
[17:14:15] [main/DEBUG] (FabricLoader/Knot) Adding C:\Users\Noadsch12\.gradle\caches\modules-2\files-2.1\org.lwjgl\lwjgl-opengl\3.3.3\d32d833dcaa2f355a886eaf21f0408b5f03241d\lwjgl-opengl-3.3.3-natives-windows-x86.jar to classpath.
[17:14:15] [main/DEBUG] (FabricLoader/Knot) Adding C:\Users\Noadsch12\.gradle\caches\modules-2\files-2.1\org.lwjgl\lwjgl-stb\3.3.3\25dd6161988d7e65f71d5065c99902402ee32746\lwjgl-stb-3.3.3.jar to classpath.
[17:14:15] [main/DEBUG] (FabricLoader/Knot) Adding C:\Users\Noadsch12\.gradle\caches\modules-2\files-2.1\org.lwjgl\lwjgl-stb\3.3.3\1d9facdf6541de114b0f963be33505b7679c78cb\lwjgl-stb-3.3.3-natives-windows.jar to classpath.
[17:14:15] [main/DEBUG] (FabricLoader/Knot) Adding C:\Users\Noadsch12\.gradle\caches\modules-2\files-2.1\org.lwjgl\lwjgl-stb\3.3.3\a584ab44de569708871f0a79561f4d8c37487f2c\lwjgl-stb-3.3.3-natives-windows-arm64.jar to classpath.
[17:14:15] [main/DEBUG] (FabricLoader/Knot) Adding C:\Users\Noadsch12\.gradle\caches\modules-2\files-2.1\org.lwjgl\lwjgl-stb\3.3.3\b5c874687b9aac1a936501d4ed2c49567fd1b575\lwjgl-stb-3.3.3-natives-windows-x86.jar to classpath.
[17:14:15] [main/DEBUG] (FabricLoader/Knot) Adding C:\Users\Noadsch12\.gradle\caches\modules-2\files-2.1\org.lwjgl\lwjgl-tinyfd\3.3.3\82d755ca94b102e9ca77283b9e2dc46d1b15fbe5\lwjgl-tinyfd-3.3.3.jar to classpath.
[17:14:15] [main/DEBUG] (FabricLoader/Knot) Adding C:\Users\Noadsch12\.gradle\caches\modules-2\files-2.1\org.lwjgl\lwjgl-tinyfd\3.3.3\a6697981b0449a5087c1d546fc08b4f73e8f98c9\lwjgl-tinyfd-3.3.3-natives-windows.jar to classpath.
[17:14:15] [main/DEBUG] (FabricLoader/Knot) Adding C:\Users\Noadsch12\.gradle\caches\modules-2\files-2.1\org.lwjgl\lwjgl-tinyfd\3.3.3\a88c494f3006eb91a7433b12a3a55a9a6c20788b\lwjgl-tinyfd-3.3.3-natives-windows-arm64.jar to classpath.
[17:14:15] [main/DEBUG] (FabricLoader/Knot) Adding C:\Users\Noadsch12\.gradle\caches\modules-2\files-2.1\org.lwjgl\lwjgl-tinyfd\3.3.3\c336c84ee88cccb495c6ffa112395509e7378e8a\lwjgl-tinyfd-3.3.3-natives-windows-x86.jar to classpath.
[17:14:15] [main/DEBUG] (FabricLoader/Knot) Adding C:\Users\Noadsch12\.gradle\caches\modules-2\files-2.1\org.lwjgl\lwjgl\3.3.3\29589b5f87ed335a6c7e7ee6a5775f81f97ecb84\lwjgl-3.3.3.jar to classpath.
[17:14:15] [main/DEBUG] (FabricLoader/Knot) Adding C:\Users\Noadsch12\.gradle\caches\modules-2\files-2.1\org.lwjgl\lwjgl\3.3.3\a5ed18a2b82fc91b81f40d717cb1f64c9dcb0540\lwjgl-3.3.3-natives-windows.jar to classpath.
[17:14:15] [main/DEBUG] (FabricLoader/Knot) Adding C:\Users\Noadsch12\.gradle\caches\modules-2\files-2.1\org.lwjgl\lwjgl\3.3.3\e9aca8c5479b520a2a7f0d542a118140e812c5e8\lwjgl-3.3.3-natives-windows-arm64.jar to classpath.
[17:14:15] [main/DEBUG] (FabricLoader/Knot) Adding C:\Users\Noadsch12\.gradle\caches\modules-2\files-2.1\org.lwjgl\lwjgl\3.3.3\9e670718e050aeaeea0c2d5b907cffb142f2e58f\lwjgl-3.3.3-natives-windows-x86.jar to classpath.
[17:14:15] [main/DEBUG] (FabricLoader/Knot) Adding C:\Users\Noadsch12\.gradle\caches\modules-2\files-2.1\org.lz4\lz4-java\1.8.0\4b986a99445e49ea5fbf5d149c4b63f6ed6c6780\lz4-java-1.8.0.jar to classpath.
[17:14:15] [main/DEBUG] (FabricLoader/Knot) Adding C:\Users\Noadsch12\.gradle\caches\modules-2\files-2.1\io.netty\netty-transport-native-epoll\4.1.118.Final\7e6b89e3746acb7cf6f0aad993bbd058fc6d912e\netty-transport-native-epoll-4.1.118.Final-linux-x86_64.jar to classpath.
[17:14:15] [main/DEBUG] (FabricLoader/Knot) Adding C:\Users\Noadsch12\.gradle\caches\modules-2\files-2.1\io.netty\netty-transport-native-epoll\4.1.118.Final\82f94d0a9d837f6b6a580379373310ff7288c0f8\netty-transport-native-epoll-4.1.118.Final-linux-aarch_64.jar to classpath.
[17:14:15] [main/DEBUG] (FabricLoader/Knot) Adding C:\Users\Noadsch12\.gradle\caches\modules-2\files-2.1\io.wispforest.endec\gson\0.1.6\ec7bd592e3ce0cf4ecd9aac58acc0ba54b40cfb1\gson-0.1.6.jar to classpath.
[17:14:15] [main/DEBUG] (FabricLoader/Knot) Adding C:\Users\Noadsch12\.gradle\caches\modules-2\files-2.1\io.wispforest\endec\0.1.11\43fc0910c5fe9d85bb1836661a584c0bcc342858\endec-0.1.11.jar to classpath.
[17:14:15] [main/DEBUG] (FabricLoader/Knot) Adding C:\Users\Noadsch12\.gradle\caches\modules-2\files-2.1\io.wispforest.endec\netty\0.1.5\bf81440c25154e58edadf158518884ad3a45defc\netty-0.1.5.jar to classpath.
[17:14:15] [main/DEBUG] (FabricLoader/Knot) Adding C:\Users\Noadsch12\.gradle\caches\modules-2\files-2.1\io.wispforest.endec\jankson\0.1.6\61688fe50f566bef0cae5538357461b905d5c08a\jankson-0.1.6.jar to classpath.
[17:14:15] [main/DEBUG] (FabricLoader/Knot) Adding C:\Users\Noadsch12\.gradle\caches\modules-2\files-2.1\blue.endless\jankson\1.2.2\eff82149f9a68fcb9dc3e2daf1793955f1425b26\jankson-1.2.2.jar to classpath.
[17:14:15] [main/DEBUG] (FabricLoader/Knot) Adding C:\Users\Noadsch12\.gradle\caches\modules-2\files-2.1\com.google.guava\listenablefuture\9999.0-empty-to-avoid-conflict-with-guava\b421526c5f297295adef1c886e5246c39d4ac629\listenablefuture-9999.0-empty-to-avoid-conflict-with-guava.jar to classpath.
[17:14:15] [main/DEBUG] (FabricLoader/Knot) Adding C:\Users\Noadsch12\.gradle\caches\modules-2\files-2.1\com.google.code.findbugs\jsr305\3.0.2\25ea2e8b0c338a877313bd4672d3fe056ea78f0d\jsr305-3.0.2.jar to classpath.
[17:14:15] [main/DEBUG] (FabricLoader/Knot) Adding C:\Users\Noadsch12\.gradle\caches\modules-2\files-2.1\org.checkerframework\checker-qual\3.33.0\de2b60b62da487644fc11f734e73c8b0b431238f\checker-qual-3.33.0.jar to classpath.
[17:14:15] [main/DEBUG] (FabricLoader/Knot) Adding C:\Users\Noadsch12\.gradle\caches\modules-2\files-2.1\com.google.errorprone\error_prone_annotations\2.27.0\91b2c29d8a6148b5e2e4930f070d4840e2e48e34\error_prone_annotations-2.27.0.jar to classpath.
[17:14:15] [main/DEBUG] (FabricLoader/Knot) Adding C:\Users\Noadsch12\.gradle\caches\modules-2\files-2.1\com.google.j2objc\j2objc-annotations\2.8\c85270e307e7b822f1086b93689124b89768e273\j2objc-annotations-2.8.jar to classpath.
[17:14:15] [main/DEBUG] (FabricLoader/Knot) Adding C:\Users\Noadsch12\Documents\12th-Client\.gradle\loom-cache\remapped_mods\remapped\io\wispforest\owo-lib-22e4ff05\0.12.24+1.21.9\owo-lib-22e4ff05-0.12.24+1.21.9.jar to classpath.
[17:14:15] [main/DEBUG] (FabricLoader/Knot) Adding C:\Users\Noadsch12\Documents\12th-Client\.gradle\loom-cache\remapped_mods\remapped\net\fabricmc\fabric-api\fabric-api-22e4ff05\0.138.3+1.21.10\fabric-api-22e4ff05-0.138.3+1.21.10.jar to classpath.
[17:14:15] [main/DEBUG] (FabricLoader/Knot) Adding C:\Users\Noadsch12\Documents\12th-Client\.gradle\loom-cache\remapped_mods\remapped\maven\modrinth\notenoughcrashes-22e4ff05\4.4.9+1.21.1-fabric\notenoughcrashes-22e4ff05-4.4.9+1.21.1-fabric.jar to classpath.
[17:14:15] [main/DEBUG] (FabricLoader/Knot) Adding C:\Users\Noadsch12\Documents\12th-Client\.gradle\loom-cache\remapped_mods\remapped\net\fabricmc\fabric-api\fabric-transfer-api-v1-22e4ff05\6.0.15+79ec2c126f\fabric-transfer-api-v1-22e4ff05-6.0.15+79ec2c126f.jar to classpath.
[17:14:15] [main/DEBUG] (FabricLoader/Knot) Adding C:\Users\Noadsch12\Documents\12th-Client\.gradle\loom-cache\remapped_mods\remapped\net\fabricmc\fabric-api\fabric-api-lookup-api-v1-22e4ff05\1.6.106+d17682156f\fabric-api-lookup-api-v1-22e4ff05-1.6.106+d17682156f.jar to classpath.
[17:14:15] [main/DEBUG] (FabricLoader/Knot) Adding C:\Users\Noadsch12\Documents\12th-Client\.gradle\loom-cache\remapped_mods\remapped\net\fabricmc\fabric-api\fabric-command-api-v2-22e4ff05\2.4.0+c0ab2d5d6f\fabric-command-api-v2-22e4ff05-2.4.0+c0ab2d5d6f.jar to classpath.
[17:14:15] [main/DEBUG] (FabricLoader/Knot) Adding C:\Users\Noadsch12\Documents\12th-Client\.gradle\loom-cache\remapped_mods\remapped\net\fabricmc\fabric-api\fabric-content-registries-v0-22e4ff05\10.2.6+b6a242646f\fabric-content-registries-v0-22e4ff05-10.2.6+b6a242646f.jar to classpath.
[17:14:15] [main/DEBUG] (FabricLoader/Knot) Adding C:\Users\Noadsch12\Documents\12th-Client\.gradle\loom-cache\remapped_mods\remapped\net\fabricmc\fabric-api\fabric-data-generation-api-v1-22e4ff05\23.2.27+d8b85ef16f\fabric-data-generation-api-v1-22e4ff05-23.2.27+d8b85ef16f.jar to classpath.
[17:14:15] [main/DEBUG] (FabricLoader/Knot) Adding C:\Users\Noadsch12\Documents\12th-Client\.gradle\loom-cache\remapped_mods\remapped\net\fabricmc\fabric-api\fabric-convention-tags-v1-22e4ff05\2.1.49+7f945d5b6f\fabric-convention-tags-v1-22e4ff05-2.1.49+7f945d5b6f.jar to classpath.
[17:14:15] [main/DEBUG] (FabricLoader/Knot) Adding C:\Users\Noadsch12\Documents\12th-Client\.gradle\loom-cache\remapped_mods\remapped\net\fabricmc\fabric-api\fabric-convention-tags-v2-22e4ff05\2.17.0+ff7bc77d6f\fabric-convention-tags-v2-22e4ff05-2.17.0+ff7bc77d6f.jar to classpath.
[17:14:15] [main/DEBUG] (FabricLoader/Knot) Adding C:\Users\Noadsch12\Documents\12th-Client\.gradle\loom-cache\remapped_mods\remapped\net\fabricmc\fabric-api\fabric-data-attachment-api-v1-22e4ff05\1.8.33+cd3b9e596f\fabric-data-attachment-api-v1-22e4ff05-1.8.33+cd3b9e596f.jar to classpath.
[17:14:15] [main/DEBUG] (FabricLoader/Knot) Adding C:\Users\Noadsch12\Documents\12th-Client\.gradle\loom-cache\remapped_mods\remapped\net\fabricmc\fabric-api\fabric-entity-events-v1-22e4ff05\2.1.13+fde3702c6f\fabric-entity-events-v1-22e4ff05-2.1.13+fde3702c6f.jar to classpath.
[17:14:15] [main/DEBUG] (FabricLoader/Knot) Adding C:\Users\Noadsch12\Documents\12th-Client\.gradle\loom-cache\remapped_mods\remapped\net\fabricmc\fabric-api\fabric-events-interaction-v0-22e4ff05\4.0.36+5ba217126f\fabric-events-interaction-v0-22e4ff05-4.0.36+5ba217126f.jar to classpath.
[17:14:15] [main/DEBUG] (FabricLoader/Knot) Adding C:\Users\Noadsch12\Documents\12th-Client\.gradle\loom-cache\remapped_mods\remapped\net\fabricmc\fabric-api\fabric-gametest-api-v1-22e4ff05\3.1.21+33df5e6e6f\fabric-gametest-api-v1-22e4ff05-3.1.21+33df5e6e6f.jar to classpath.
[17:14:15] [main/DEBUG] (FabricLoader/Knot) Adding C:\Users\Noadsch12\Documents\12th-Client\.gradle\loom-cache\remapped_mods\remapped\net\fabricmc\fabric-api\fabric-item-api-v1-22e4ff05\11.5.11+9bce411b6f\fabric-item-api-v1-22e4ff05-11.5.11+9bce411b6f.jar to classpath.
[17:14:15] [main/DEBUG] (FabricLoader/Knot) Adding C:\Users\Noadsch12\Documents\12th-Client\.gradle\loom-cache\remapped_mods\remapped\net\fabricmc\fabric-api\fabric-item-group-api-v1-22e4ff05\4.2.27+86b3ae576f\fabric-item-group-api-v1-22e4ff05-4.2.27+86b3ae576f.jar to classpath.
[17:14:15] [main/DEBUG] (FabricLoader/Knot) Adding C:\Users\Noadsch12\Documents\12th-Client\.gradle\loom-cache\remapped_mods\remapped\net\fabricmc\fabric-api\fabric-recipe-api-v1-22e4ff05\8.2.0+39709ef06f\fabric-recipe-api-v1-22e4ff05-8.2.0+39709ef06f.jar to classpath.
[17:14:15] [main/DEBUG] (FabricLoader/Knot) Adding C:\Users\Noadsch12\Documents\12th-Client\.gradle\loom-cache\remapped_mods\remapped\net\fabricmc\fabric-api\fabric-model-loading-api-v1-22e4ff05\6.0.4+3ffd6ef06f\fabric-model-loading-api-v1-22e4ff05-6.0.4+3ffd6ef06f.jar to classpath.
[17:14:15] [main/DEBUG] (FabricLoader/Knot) Adding C:\Users\Noadsch12\Documents\12th-Client\.gradle\loom-cache\remapped_mods\remapped\net\fabricmc\fabric-api\fabric-renderer-indigo-22e4ff05\4.1.3+d7df91576f\fabric-renderer-indigo-22e4ff05-4.1.3+d7df91576f.jar to classpath.
[17:14:15] [main/DEBUG] (FabricLoader/Knot) Adding C:\Users\Noadsch12\Documents\12th-Client\.gradle\loom-cache\remapped_mods\remapped\net\fabricmc\fabric-api\fabric-renderer-api-v1-22e4ff05\7.2.2+3706cdf36f\fabric-renderer-api-v1-22e4ff05-7.2.2+3706cdf36f.jar to classpath.
[17:14:15] [main/DEBUG] (FabricLoader/Knot) Adding C:\Users\Noadsch12\Documents\12th-Client\.gradle\loom-cache\remapped_mods\remapped\net\fabricmc\fabric-api\fabric-rendering-v1-22e4ff05\16.2.0+bee81f016f\fabric-rendering-v1-22e4ff05-16.2.0+bee81f016f.jar to classpath.
[17:14:15] [main/DEBUG] (FabricLoader/Knot) Adding C:\Users\Noadsch12\Documents\12th-Client\.gradle\loom-cache\remapped_mods\remapped\net\fabricmc\fabric-api\fabric-lifecycle-events-v1-22e4ff05\2.6.9+33df5e6e6f\fabric-lifecycle-events-v1-22e4ff05-2.6.9+33df5e6e6f.jar to classpath.
[17:14:15] [main/DEBUG] (FabricLoader/Knot) Adding C:\Users\Noadsch12\Documents\12th-Client\.gradle\loom-cache\remapped_mods\remapped\net\fabricmc\fabric-api\fabric-loot-api-v2-22e4ff05\3.0.67+3f89f5a56f\fabric-loot-api-v2-22e4ff05-3.0.67+3f89f5a56f.jar to classpath.
[17:14:15] [main/DEBUG] (FabricLoader/Knot) Adding C:\Users\Noadsch12\Documents\12th-Client\.gradle\loom-cache\remapped_mods\remapped\net\fabricmc\fabric-api\fabric-loot-api-v3-22e4ff05\2.0.14+d17682156f\fabric-loot-api-v3-22e4ff05-2.0.14+d17682156f.jar to classpath.
[17:14:15] [main/DEBUG] (FabricLoader/Knot) Adding C:\Users\Noadsch12\Documents\12th-Client\.gradle\loom-cache\remapped_mods\remapped\net\fabricmc\fabric-api\fabric-message-api-v1-22e4ff05\6.1.7+3154c1c86f\fabric-message-api-v1-22e4ff05-6.1.7+3154c1c86f.jar to classpath.
[17:14:15] [main/DEBUG] (FabricLoader/Knot) Adding C:\Users\Noadsch12\Documents\12th-Client\.gradle\loom-cache\remapped_mods\remapped\net\fabricmc\fabric-api\fabric-particles-v1-22e4ff05\4.2.3+a0ee59a46f\fabric-particles-v1-22e4ff05-4.2.3+a0ee59a46f.jar to classpath.
[17:14:15] [main/DEBUG] (FabricLoader/Knot) Adding C:\Users\Noadsch12\Documents\12th-Client\.gradle\loom-cache\remapped_mods\remapped\net\fabricmc\fabric-api\fabric-object-builder-api-v1-22e4ff05\21.1.28+9bce411b6f\fabric-object-builder-api-v1-22e4ff05-21.1.28+9bce411b6f.jar to classpath.
[17:14:15] [main/DEBUG] (FabricLoader/Knot) Adding C:\Users\Noadsch12\Documents\12th-Client\.gradle\loom-cache\remapped_mods\remapped\net\fabricmc\fabric-api\fabric-screen-handler-api-v1-22e4ff05\1.3.151+d17682156f\fabric-screen-handler-api-v1-22e4ff05-1.3.151+d17682156f.jar to classpath.
[17:14:15] [main/DEBUG] (FabricLoader/Knot) Adding C:\Users\Noadsch12\Documents\12th-Client\.gradle\loom-cache\remapped_mods\remapped\net\fabricmc\fabric-api\fabric-registry-sync-v0-22e4ff05\6.1.42+679c8c5c6f\fabric-registry-sync-v0-22e4ff05-6.1.42+679c8c5c6f.jar to classpath.
[17:14:15] [main/DEBUG] (FabricLoader/Knot) Adding C:\Users\Noadsch12\Documents\12th-Client\.gradle\loom-cache\remapped_mods\remapped\net\fabricmc\fabric-api\fabric-networking-api-v1-22e4ff05\5.1.0+b095d8db6f\fabric-networking-api-v1-22e4ff05-5.1.0+b095d8db6f.jar to classpath.
[17:14:15] [main/DEBUG] (FabricLoader/Knot) Adding C:\Users\Noadsch12\Documents\12th-Client\.gradle\loom-cache\remapped_mods\remapped\net\fabricmc\fabric-api\fabric-rendering-fluids-v1-22e4ff05\3.1.38+86b3ae576f\fabric-rendering-fluids-v1-22e4ff05-3.1.38+86b3ae576f.jar to classpath.
[17:14:15] [main/DEBUG] (FabricLoader/Knot) Adding C:\Users\Noadsch12\Documents\12th-Client\.gradle\loom-cache\remapped_mods\remapped\net\fabricmc\fabric-api\fabric-tag-api-v1-22e4ff05\1.2.13+2fa446b26f\fabric-tag-api-v1-22e4ff05-1.2.13+2fa446b26f.jar to classpath.
[17:14:15] [main/DEBUG] (FabricLoader/Knot) Adding C:\Users\Noadsch12\Documents\12th-Client\.gradle\loom-cache\remapped_mods\remapped\net\fabricmc\fabric-api\fabric-resource-loader-v0-22e4ff05\3.3.1+d4d4122a6f\fabric-resource-loader-v0-22e4ff05-3.3.1+d4d4122a6f.jar to classpath.
[17:14:15] [main/DEBUG] (FabricLoader/Knot) Adding C:\Users\Noadsch12\Documents\12th-Client\.gradle\loom-cache\remapped_mods\remapped\net\fabricmc\fabric-api\fabric-resource-loader-v1-22e4ff05\1.0.4+14959b836f\fabric-resource-loader-v1-22e4ff05-1.0.4+14959b836f.jar to classpath.
[17:14:15] [main/DEBUG] (FabricLoader/Knot) Adding C:\Users\Noadsch12\Documents\12th-Client\.gradle\loom-cache\remapped_mods\remapped\net\fabricmc\fabric-api\fabric-screen-api-v1-22e4ff05\3.1.0+9c82a7986f\fabric-screen-api-v1-22e4ff05-3.1.0+9c82a7986f.jar to classpath.
[17:14:15] [main/DEBUG] (FabricLoader/Knot) Adding C:\Users\Noadsch12\Documents\12th-Client\.gradle\loom-cache\remapped_mods\remapped\net\fabricmc\fabric-api\fabric-api-base-22e4ff05\1.0.0+14b92d896f\fabric-api-base-22e4ff05-1.0.0+14b92d896f.jar to classpath.
[17:14:15] [main/DEBUG] (FabricLoader/Knot) Adding C:\Users\Noadsch12\Documents\12th-Client\.gradle\loom-cache\remapped_mods\remapped\net\fabricmc\fabric-api\fabric-biome-api-v1-22e4ff05\16.1.0+c2417d4f6f\fabric-biome-api-v1-22e4ff05-16.1.0+c2417d4f6f.jar to classpath.
[17:14:15] [main/DEBUG] (FabricLoader/Knot) Adding C:\Users\Noadsch12\Documents\12th-Client\.gradle\loom-cache\remapped_mods\remapped\net\fabricmc\fabric-api\fabric-block-api-v1-22e4ff05\1.1.5+d17682156f\fabric-block-api-v1-22e4ff05-1.1.5+d17682156f.jar to classpath.
[17:14:15] [main/DEBUG] (FabricLoader/Knot) Adding C:\Users\Noadsch12\Documents\12th-Client\.gradle\loom-cache\remapped_mods\remapped\net\fabricmc\fabric-api\fabric-block-view-api-v2-22e4ff05\1.0.34+e4fd1b926f\fabric-block-view-api-v2-22e4ff05-1.0.34+e4fd1b926f.jar to classpath.
[17:14:15] [main/DEBUG] (FabricLoader/Knot) Adding C:\Users\Noadsch12\Documents\12th-Client\.gradle\loom-cache\remapped_mods\remapped\net\fabricmc\fabric-api\fabric-client-gametest-api-v1-22e4ff05\4.2.13+14b92d896f\fabric-client-gametest-api-v1-22e4ff05-4.2.13+14b92d896f.jar to classpath.
[17:14:15] [main/DEBUG] (FabricLoader/Knot) Adding C:\Users\Noadsch12\Documents\12th-Client\.gradle\loom-cache\remapped_mods\remapped\net\fabricmc\fabric-api\fabric-crash-report-info-v1-22e4ff05\0.3.18+33df5e6e6f\fabric-crash-report-info-v1-22e4ff05-0.3.18+33df5e6e6f.jar to classpath.
[17:14:15] [main/DEBUG] (FabricLoader/Knot) Adding C:\Users\Noadsch12\Documents\12th-Client\.gradle\loom-cache\remapped_mods\remapped\net\fabricmc\fabric-api\fabric-dimensions-v1-22e4ff05\4.0.22+38b9cc196f\fabric-dimensions-v1-22e4ff05-4.0.22+38b9cc196f.jar to classpath.
[17:14:15] [main/DEBUG] (FabricLoader/Knot) Adding C:\Users\Noadsch12\Documents\12th-Client\.gradle\loom-cache\remapped_mods\remapped\net\fabricmc\fabric-api\fabric-game-rule-api-v1-22e4ff05\1.1.1+e47eaae56f\fabric-game-rule-api-v1-22e4ff05-1.1.1+e47eaae56f.jar to classpath.
[17:14:15] [main/DEBUG] (FabricLoader/Knot) Adding C:\Users\Noadsch12\Documents\12th-Client\.gradle\loom-cache\remapped_mods\remapped\net\fabricmc\fabric-api\fabric-key-binding-api-v1-22e4ff05\1.1.1+b3ba9c486f\fabric-key-binding-api-v1-22e4ff05-1.1.1+b3ba9c486f.jar to classpath.
[17:14:15] [main/DEBUG] (FabricLoader/Knot) Adding C:\Users\Noadsch12\Documents\12th-Client\.gradle\loom-cache\remapped_mods\remapped\net\fabricmc\fabric-api\fabric-resource-conditions-api-v1-22e4ff05\5.0.28+33df5e6e6f\fabric-resource-conditions-api-v1-22e4ff05-5.0.28+33df5e6e6f.jar to classpath.
[17:14:15] [main/DEBUG] (FabricLoader/Knot) Adding C:\Users\Noadsch12\Documents\12th-Client\.gradle\loom-cache\remapped_mods\remapped\net\fabricmc\fabric-api\fabric-serialization-api-v1-22e4ff05\1.0.0+d857c9766f\fabric-serialization-api-v1-22e4ff05-1.0.0+d857c9766f.jar to classpath.
[17:14:15] [main/DEBUG] (FabricLoader/Knot) Adding C:\Users\Noadsch12\Documents\12th-Client\.gradle\loom-cache\remapped_mods\remapped\net\fabricmc\fabric-api\fabric-sound-api-v1-22e4ff05\1.0.45+328a75ba6f\fabric-sound-api-v1-22e4ff05-1.0.45+328a75ba6f.jar to classpath.
[17:14:15] [main/DEBUG] (FabricLoader/Knot) Adding C:\Users\Noadsch12\Documents\12th-Client\.gradle\loom-cache\remapped_mods\remapped\net\fabricmc\fabric-api\fabric-transitive-access-wideners-v1-22e4ff05\6.5.3+41eb43436f\fabric-transitive-access-wideners-v1-22e4ff05-6.5.3+41eb43436f.jar to classpath.
[17:14:15] [main/DEBUG] (FabricLoader/Knot) Adding C:\Users\Noadsch12\.gradle\caches\modules-2\files-2.1\org.jline\jline-reader\3.20.0\8f15415b022a25b473e8e16c28ae913186ffb9c4\jline-reader-3.20.0.jar to classpath.
[17:14:15] [main/DEBUG] (FabricLoader/Knot) Adding C:\Users\Noadsch12\.gradle\caches\modules-2\files-2.1\org.jline\jline-terminal\3.20.0\d0ddcc708ddf527a3454c941b7b9225cc83a15ff\jline-terminal-3.20.0.jar to classpath.
[17:14:16] [main/DEBUG] (FabricLoader/Entrypoint) Iterating over entrypoint 'preLaunch'
[17:14:16] [main/DEBUG] (FabricLoader/Mixin) Preparing mixins for MixinEnvironment[DEFAULT]
[17:14:16] [main/DEBUG] (FabricLoader/Mixin) Selecting config fabric-message-api-v1.mixins.json
[17:14:16] [main/DEBUG] (FabricLoader/Mixin) Selecting config fabric-message-api-v1.client.mixins.json
[17:14:16] [main/DEBUG] (FabricLoader/Mixin) Selecting config fabric-convention-tags-api-v2.mixins.json
[17:14:16] [main/DEBUG] (FabricLoader/Mixin) Selecting config fabric-rendering-fluids-v1.mixins.json
[17:14:16] [main/DEBUG] (FabricLoader/Mixin) Selecting config fabric-block-view-api-v2.mixins.json
[17:14:16] [main/DEBUG] (FabricLoader/Mixin) Selecting config fabric-block-view-api-v2.client.mixins.json
[17:14:16] [main/DEBUG] (FabricLoader/Mixin) Selecting config fabric-networking-api-v1.mixins.json
[17:14:16] [main/DEBUG] (FabricLoader/Mixin) Selecting config fabric-networking-api-v1.client.mixins.json
[17:14:16] [main/DEBUG] (FabricLoader/Mixin) Selecting config fabric-item-group-api-v1.mixins.json
[17:14:16] [main/DEBUG] (FabricLoader/Mixin) Selecting config fabric-item-group-api-v1.client.mixins.json
[17:14:16] [main/DEBUG] (FabricLoader/Mixin) Selecting config fabric-data-generation-api-v1.mixins.json
[17:14:16] [main/DEBUG] (FabricLoader/Mixin) Selecting config fabric-data-generation-api-v1.client.mixins.json
[17:14:16] [main/DEBUG] (FabricLoader/Mixin) Selecting config fabric-resource-loader-v1.mixins.json
[17:14:16] [main/DEBUG] (FabricLoader/Mixin) Selecting config fabric-resource-loader-v1.client.mixins.json
[17:14:16] [main/DEBUG] (FabricLoader/Mixin) Selecting config fabric-biome-api-v1.mixins.json
[17:14:16] [main/DEBUG] (FabricLoader/Mixin) Selecting config fabric-particles-v1.mixins.json
[17:14:16] [main/DEBUG] (FabricLoader/Mixin) Selecting config fabric-particles-v1.client.mixins.json
[17:14:16] [main/DEBUG] (FabricLoader/Mixin) Selecting config fabric-block-api-v1.mixins.json
[17:14:16] [main/DEBUG] (FabricLoader/Mixin) Selecting config fabric-renderer-indigo.mixins.json
[17:14:16] [main/DEBUG] (FabricLoader/Mixin) Selecting config 12th-client.mixins.json
[17:14:16] [main/DEBUG] (FabricLoader/Mixin) Selecting config owo.mixins.json
[17:14:16] [main/DEBUG] (FabricLoader/Mixin) Remapping refMap owo-lib-refmap.json using remapper chain
[17:14:16] [main/DEBUG] (FabricLoader/Mixin) Selecting config fabric-resource-conditions-api-v1.mixins.json
[17:14:16] [main/DEBUG] (FabricLoader/Mixin) Selecting config mixinextras.init.mixins.json
[17:14:16] [main/DEBUG] (FabricLoader/MixinExtras|Service) com.llamalad7.mixinextras.service.MixinExtrasServiceImpl(version=0.5.0) is taking over from null
[17:14:16] [main/DEBUG] (FabricLoader/Mixin) Registering new injector for @Inject with org.spongepowered.asm.mixin.injection.struct.CallbackInjectionInfo
[17:14:16] [main/DEBUG] (FabricLoader/Mixin) Registering new injector for @ModifyArg with org.spongepowered.asm.mixin.injection.struct.ModifyArgInjectionInfo
[17:14:16] [main/DEBUG] (FabricLoader/Mixin) Registering new injector for @ModifyArgs with org.spongepowered.asm.mixin.injection.struct.ModifyArgsInjectionInfo
[17:14:16] [main/DEBUG] (FabricLoader/Mixin) Registering new injector for @Redirect with org.spongepowered.asm.mixin.injection.struct.RedirectInjectionInfo
[17:14:16] [main/DEBUG] (FabricLoader/Mixin) Registering new injector for @ModifyVariable with org.spongepowered.asm.mixin.injection.struct.ModifyVariableInjectionInfo
[17:14:16] [main/DEBUG] (FabricLoader/Mixin) Registering new injector for @ModifyConstant with org.spongepowered.asm.mixin.injection.struct.ModifyConstantInjectionInfo
[17:14:16] [main/DEBUG] (FabricLoader/Mixin) Selecting config fabric-events-interaction-v0.mixins.json
[17:14:16] [main/DEBUG] (FabricLoader/Mixin) Selecting config fabric-events-interaction-v0.client.mixins.json
[17:14:16] [main/DEBUG] (FabricLoader/Mixin) Selecting config fabric-model-loading-api-v1.mixins.json
[17:14:16] [main/DEBUG] (FabricLoader/Mixin) Selecting config fabric-dimensions-v1.mixins.json
[17:14:16] [main/DEBUG] (FabricLoader/Mixin) Selecting config fabric-serialization-api-v1.mixins.json
[17:14:16] [main/DEBUG] (FabricLoader/Mixin) Selecting config fabric-recipe-api-v1.mixins.json
[17:14:16] [main/DEBUG] (FabricLoader/Mixin) Selecting config fabric-recipe-api-v1.client.mixins.json
[17:14:16] [main/DEBUG] (FabricLoader/Mixin) Selecting config fabric-item-api-v1.mixins.json
[17:14:16] [main/DEBUG] (FabricLoader/Mixin) Selecting config fabric-item-api-v1.client.mixins.json
[17:14:16] [main/DEBUG] (FabricLoader/Mixin) Selecting config fabric-gametest-api-v1.mixins.json
[17:14:16] [main/DEBUG] (FabricLoader/Mixin) Selecting config fabric-lifecycle-events-v1.mixins.json
[17:14:16] [main/DEBUG] (FabricLoader/Mixin) Selecting config fabric-lifecycle-events-v1.client.mixins.json
[17:14:16] [main/DEBUG] (FabricLoader/Mixin) Selecting config fabric-content-registries-v0.mixins.json
[17:14:16] [main/DEBUG] (FabricLoader/Mixin) Selecting config notenoughcrashes.mixins.json
[17:14:16] [main/DEBUG] (FabricLoader/Mixin) Remapping refMap notenoughcrashes-common-common-refmap.json using remapper chain
[17:14:16] [main/DEBUG] (FabricLoader/Mixin) Selecting config notenoughcrashes.fabric.mixins.json
[17:14:16] [main/DEBUG] (FabricLoader/Mixin) Remapping refMap notenoughcrashes-fabric-fabric-refmap.json using remapper chain
[17:14:16] [main/DEBUG] (FabricLoader/Mixin) Selecting config fabric-screen-handler-api-v1.mixins.json
[17:14:16] [main/DEBUG] (FabricLoader/Mixin) Selecting config fabric-game-rule-api-v1.mixins.json
[17:14:16] [main/DEBUG] (FabricLoader/Mixin) Selecting config fabric-game-rule-api-v1.client.mixins.json
[17:14:16] [main/DEBUG] (FabricLoader/Mixin) Selecting config fabric-object-builder-v1.mixins.json
[17:14:16] [main/DEBUG] (FabricLoader/Mixin) Selecting config fabric-object-builder-v1.client.mixins.json
[17:14:16] [main/DEBUG] (FabricLoader/Mixin) Selecting config fabric-loot-api-v2.mixins.json
[17:14:16] [main/DEBUG] (FabricLoader/Mixin) Selecting config fabric-client-gametest-api-v1.mixins.json
[17:14:16] [main/DEBUG] (FabricLoader/Mixin) Selecting config fabric-sound-api-v1.mixins.json
[17:14:16] [main/DEBUG] (FabricLoader/Mixin) Selecting config fabric-transfer-api-v1.mixins.json
[17:14:16] [main/DEBUG] (FabricLoader/Mixin) Selecting config fabric-entity-events-v1.mixins.json
[17:14:16] [main/DEBUG] (FabricLoader/Mixin) Selecting config fabric-registry-sync-v0.mixins.json
[17:14:16] [main/DEBUG] (FabricLoader/Mixin) Selecting config fabric-registry-sync-v0.client.mixins.json
[17:14:16] [main/DEBUG] (FabricLoader/Mixin) Selecting config fabric-loot-api-v3.mixins.json
[17:14:16] [main/DEBUG] (FabricLoader/Mixin) Selecting config fabric-resource-loader-v0.mixins.json
[17:14:16] [main/DEBUG] (FabricLoader/Mixin) Selecting config fabric-resource-loader-v0.client.mixins.json
[17:14:16] [main/DEBUG] (FabricLoader/Mixin) Selecting config fabric-crash-report-info-v1.mixins.json
[17:14:16] [main/DEBUG] (FabricLoader/Mixin) Selecting config fabric-tag-api-v1.mixins.json
[17:14:16] [main/DEBUG] (FabricLoader/Mixin) Selecting config fabric-rendering-v1.mixins.json
[17:14:16] [main/DEBUG] (FabricLoader/Mixin) Selecting config fabric-command-api-v2.mixins.json
[17:14:16] [main/DEBUG] (FabricLoader/Mixin) Selecting config fabric-command-api-v2.client.mixins.json
[17:14:16] [main/DEBUG] (FabricLoader/Mixin) Selecting config fabric-renderer-api-v1.mixins.json
[17:14:16] [main/DEBUG] (FabricLoader/Mixin) Selecting config fabric-key-binding-api-v1.mixins.json
[17:14:16] [main/DEBUG] (FabricLoader/Mixin) Selecting config fabric-screen-api-v1.mixins.json
[17:14:16] [main/DEBUG] (FabricLoader/Mixin) Selecting config fabric-data-attachment-api-v1.mixins.json
[17:14:16] [main/DEBUG] (FabricLoader/Mixin) Selecting config fabric-data-attachment-api-v1.client.mixins.json
[17:14:16] [main/DEBUG] (FabricLoader/Mixin) Selecting config fabric-api-lookup-api-v1.mixins.json
[17:14:16] [main/DEBUG] (FabricLoader/Mixin) Preparing fabric-message-api-v1.mixins.json (2)
[17:14:16] [main/DEBUG] (FabricLoader/Mixin) Preparing fabric-message-api-v1.client.mixins.json (2)
[17:14:16] [main/DEBUG] (FabricLoader/Mixin) Preparing fabric-convention-tags-api-v2.mixins.json (1)
[17:14:16] [main/DEBUG] (FabricLoader/Mixin) Preparing fabric-rendering-fluids-v1.mixins.json (1)
[17:14:16] [main/DEBUG] (FabricLoader/Mixin) Preparing fabric-block-view-api-v2.mixins.json (3)
[17:14:16] [main/DEBUG] (FabricLoader/Mixin) Preparing fabric-block-view-api-v2.client.mixins.json (3)
[17:14:16] [main/DEBUG] (FabricLoader/Mixin) Preparing fabric-networking-api-v1.mixins.json (24)
[17:14:16] [main/DEBUG] (FabricLoader/Mixin) @Mixin target net/minecraft/network/packet/CustomPayload$1 is public in fabric-networking-api-v1.mixins.json:CustomPayloadPacketCodecMixin from mod fabric-networking-api-v1 and should be specified in value
[17:14:16] [main/DEBUG] (FabricLoader/Mixin) @Mixin target net/minecraft/server/world/ServerChunkLoadingManager$EntityTracker is public in fabric-networking-api-v1.mixins.json:accessor.EntityTrackerAccessor from mod fabric-networking-api-v1 and should be specified in value
[17:14:16] [main/DEBUG] (FabricLoader/Mixin) Preparing fabric-networking-api-v1.client.mixins.json (9)
[17:14:16] [main/DEBUG] (FabricLoader/Mixin) Preparing fabric-item-group-api-v1.mixins.json (3)
[17:14:16] [main/DEBUG] (FabricLoader/Mixin) Preparing fabric-item-group-api-v1.client.mixins.json (1)
[17:14:16] [main/DEBUG] (FabricLoader/Mixin) Preparing fabric-data-generation-api-v1.mixins.json (17)
[17:14:16] [main/DEBUG] (FabricLoader/Mixin) @Mixin target net/minecraft/data/DataCache$CachedData is public in fabric-data-generation-api-v1.mixins.json:DataCacheCachedDataMixin from mod fabric-data-generation-api-v1 and should be specified in value
[17:14:16] [main/DEBUG] (FabricLoader/Mixin) @Mixin target net/minecraft/data/tag/ProvidedTagBuilder$1 is public in fabric-data-generation-api-v1.mixins.json:ProvidedTagBuilderMixin$ProvidedTagBuilder1Mixin from mod fabric-data-generation-api-v1 and should be specified in value
[17:14:16] [main/DEBUG] (FabricLoader/Mixin) @Mixin target net/minecraft/data/tag/ProvidedTagBuilder$2 is public in fabric-data-generation-api-v1.mixins.json:ProvidedTagBuilderMixin$ProvidedTagBuilder2Mixin from mod fabric-data-generation-api-v1 and should be specified in value
[17:14:16] [main/DEBUG] (FabricLoader/Mixin) Preparing fabric-data-generation-api-v1.client.mixins.json (4)
[17:14:16] [main/DEBUG] (FabricLoader/Mixin) Preparing fabric-resource-loader-v1.mixins.json (5)
[17:14:16] [main/DEBUG] (FabricLoader/Mixin) Preparing fabric-resource-loader-v1.client.mixins.json (1)
[17:14:16] [main/DEBUG] (FabricLoader/Mixin) Preparing fabric-biome-api-v1.mixins.json (9)
[17:14:16] [main/DEBUG] (FabricLoader/Mixin) @Mixin target net/minecraft/world/biome/source/MultiNoiseBiomeSourceParameterList$Preset$1 is public in fabric-biome-api-v1.mixins.json:NetherBiomePresetMixin from mod fabric-biome-api-v1 and should be specified in value
[17:14:16] [main/DEBUG] (FabricLoader/Mixin) Preparing fabric-particles-v1.mixins.json (8)
[17:14:16] [main/DEBUG] (FabricLoader/Mixin) Preparing fabric-particles-v1.client.mixins.json (4)
[17:14:16] [main/DEBUG] (FabricLoader/Mixin) Preparing fabric-block-api-v1.mixins.json (5)
[17:14:16] [main/DEBUG] (FabricLoader/Mixin) @Mixin target net/minecraft/world/chunk/ChunkSection$BlockStateCounter is public in fabric-block-api-v1.mixins.json:ChunkSectionBlockStateCounterMixin from mod fabric-block-api-v1 and should be specified in value
[17:14:16] [main/DEBUG] (FabricLoader/Mixin) Preparing fabric-renderer-indigo.mixins.json (11)
[17:14:16] [main/DEBUG] (FabricLoader/Mixin) Preparing 12th-client.mixins.json (43)
[17:14:16] [main/DEBUG] (FabricLoader/Mixin) Preparing owo.mixins.json (80)
[17:14:16] [main/WARN] (FabricLoader/Mixin) Error loading class: xyz/nucleoid/server/translations/impl/language/SystemDelegatedLanguage (java.lang.ClassNotFoundException: xyz/nucleoid/server/translations/impl/language/SystemDelegatedLanguage)
[17:14:16] [main/DEBUG] (FabricLoader/Mixin) Skipping virtual target xyz.nucleoid.server.translations.impl.language.SystemDelegatedLanguage for owo.mixins.json:text.stapi.SystemDelegatedLanguageFixin from mod owo
[17:14:16] [main/DEBUG] (FabricLoader/Mixin) Preparing fabric-resource-conditions-api-v1.mixins.json (7)
[17:14:16] [main/DEBUG] (FabricLoader/Mixin) Preparing mixinextras.init.mixins.json (0)
[17:14:16] [main/DEBUG] (FabricLoader/Mixin) Preparing fabric-events-interaction-v0.mixins.json (5)
[17:14:16] [main/DEBUG] (FabricLoader/Mixin) @Mixin target net/minecraft/server/network/ServerPlayNetworkHandler$1 is public in fabric-events-interaction-v0.mixins.json:ServerPlayNetworkHandlerInteractEntityHandlerMixin from mod fabric-events-interaction-v0 and should be specified in value
[17:14:16] [main/DEBUG] (FabricLoader/Mixin) Preparing fabric-events-interaction-v0.client.mixins.json (3)
[17:14:16] [main/DEBUG] (FabricLoader/Mixin) Preparing fabric-model-loading-api-v1.mixins.json (6)
[17:14:16] [main/DEBUG] (FabricLoader/Mixin) Preparing fabric-dimensions-v1.mixins.json (4)
[17:14:16] [main/DEBUG] (FabricLoader/Mixin) Preparing fabric-serialization-api-v1.mixins.json (4)
[17:14:16] [main/DEBUG] (FabricLoader/Mixin) Preparing fabric-recipe-api-v1.mixins.json (10)
[17:14:16] [main/DEBUG] (FabricLoader/Mixin) Preparing fabric-recipe-api-v1.client.mixins.json (4)
[17:14:16] [main/DEBUG] (FabricLoader/Mixin) Preparing fabric-item-api-v1.mixins.json (17)
[17:14:16] [main/DEBUG] (FabricLoader/Mixin) Preparing fabric-item-api-v1.client.mixins.json (3)
[17:14:16] [main/DEBUG] (FabricLoader/Mixin) Preparing fabric-gametest-api-v1.mixins.json (4)
[17:14:16] [main/DEBUG] (FabricLoader/Mixin) Preparing fabric-lifecycle-events-v1.mixins.json (11)
[17:14:16] [main/DEBUG] (FabricLoader/Mixin) @Mixin target net/minecraft/server/world/ServerWorld$ServerEntityHandler is public in fabric-lifecycle-events-v1.mixins.json:ServerWorldServerEntityHandlerMixin from mod fabric-lifecycle-events-v1 and should be specified in value
[17:14:16] [main/DEBUG] (FabricLoader/Mixin) Preparing fabric-lifecycle-events-v1.client.mixins.json (7)
[17:14:16] [main/DEBUG] (FabricLoader/Mixin) @Mixin target net/minecraft/client/world/ClientWorld$ClientEntityHandler is public in fabric-lifecycle-events-v1.client.mixins.json:ClientWorldClientEntityHandlerMixin from mod fabric-lifecycle-events-v1 and should be specified in value
[17:14:16] [main/DEBUG] (FabricLoader/Mixin) Preparing fabric-content-registries-v0.mixins.json (18)
[17:14:16] [main/DEBUG] (FabricLoader/Mixin) Preparing notenoughcrashes.mixins.json (6)
[17:14:16] [main/DEBUG] (FabricLoader/Mixin) Preparing notenoughcrashes.fabric.mixins.json (3)
[17:14:16] [main/DEBUG] (FabricLoader/Mixin) Preparing fabric-screen-handler-api-v1.mixins.json (2)
[17:14:16] [main/DEBUG] (FabricLoader/Mixin) Preparing fabric-game-rule-api-v1.mixins.json (7)
[17:14:16] [main/DEBUG] (FabricLoader/Mixin) @Mixin target net/minecraft/server/command/GameRuleCommand$1 is public in fabric-game-rule-api-v1.mixins.json:GameRuleCommandVisitorMixin from mod fabric-game-rule-api-v1 and should be specified in value
[17:14:16] [main/DEBUG] (FabricLoader/Mixin) Preparing fabric-game-rule-api-v1.client.mixins.json (3)
[17:14:16] [main/DEBUG] (FabricLoader/Mixin) @Mixin target net/minecraft/client/gui/screen/world/EditGameRulesScreen$RuleListWidget$1 is public in fabric-game-rule-api-v1.client.mixins.json:RuleListWidgetVisitorMixin from mod fabric-game-rule-api-v1 and should be specified in value
[17:14:16] [main/DEBUG] (FabricLoader/Mixin) Preparing fabric-object-builder-v1.mixins.json (10)
[17:14:16] [main/DEBUG] (FabricLoader/Mixin) Preparing fabric-object-builder-v1.client.mixins.json (4)
[17:14:16] [main/DEBUG] (FabricLoader/Mixin) Preparing fabric-loot-api-v2.mixins.json (2)
[17:14:16] [main/DEBUG] (FabricLoader/Mixin) Preparing fabric-client-gametest-api-v1.mixins.json (25)
[17:14:16] [main/DEBUG] (FabricLoader/Mixin) Preparing fabric-sound-api-v1.mixins.json (2)
[17:14:16] [main/DEBUG] (FabricLoader/Mixin) Preparing fabric-transfer-api-v1.mixins.json (17)
[17:14:16] [main/DEBUG] (FabricLoader/Mixin) Preparing fabric-entity-events-v1.mixins.json (7)
[17:14:16] [main/DEBUG] (FabricLoader/Mixin) Preparing fabric-registry-sync-v0.mixins.json (16)
[17:14:16] [main/DEBUG] (FabricLoader/Mixin) Preparing fabric-registry-sync-v0.client.mixins.json (5)
[17:14:16] [main/DEBUG] (FabricLoader/Mixin) @Mixin target net/minecraft/client/network/ClientRegistries$DynamicRegistries is public in fabric-registry-sync-v0.client.mixins.json:ClientRegistriesDynamicRegistriesAccessor from mod fabric-registry-sync-v0 and should be specified in value
[17:14:16] [main/DEBUG] (FabricLoader/Mixin) Preparing fabric-loot-api-v3.mixins.json (8)
[17:14:16] [main/DEBUG] (FabricLoader/Mixin) Preparing fabric-resource-loader-v0.mixins.json (11)
[17:14:16] [main/DEBUG] (FabricLoader/Mixin) Preparing fabric-resource-loader-v0.client.mixins.json (6)
[17:14:16] [main/DEBUG] (FabricLoader/Mixin) @Mixin target net/minecraft/client/option/GameOptions$3 is public in fabric-resource-loader-v0.client.mixins.json:GameOptionsWriteVisitorMixin from mod fabric-resource-loader-v0 and should be specified in value
[17:14:16] [main/DEBUG] (FabricLoader/Mixin) Preparing fabric-crash-report-info-v1.mixins.json (2)
[17:14:16] [main/DEBUG] (FabricLoader/Mixin) Preparing fabric-tag-api-v1.mixins.json (5)
[17:14:16] [main/DEBUG] (FabricLoader/Mixin) @Mixin target net/minecraft/registry/SimpleRegistry$2 is public in fabric-tag-api-v1.mixins.json:SimpleRegistry2Mixin from mod fabric-tag-api-v1 and should be specified in value
[17:14:16] [main/DEBUG] (FabricLoader/Mixin) @Mixin target net/minecraft/registry/SimpleRegistry$3 is public in fabric-tag-api-v1.mixins.json:SimpleRegistry3Mixin from mod fabric-tag-api-v1 and should be specified in value
[17:14:16] [main/DEBUG] (FabricLoader/Mixin) @Mixin target net/minecraft/registry/SimpleRegistry$TagLookup$2 is public in fabric-tag-api-v1.mixins.json:SimpleRegistryTagLookup2Accessor from mod fabric-tag-api-v1 and should be specified in value
[17:14:16] [main/DEBUG] (FabricLoader/Mixin) Preparing fabric-rendering-v1.mixins.json (38)
[17:14:16] [main/DEBUG] (FabricLoader/Mixin) @Mixin target net/minecraft/client/gui/screen/DebugOptionsScreen$Entry is public in fabric-rendering-v1.mixins.json:DebugOptionsScreenEntryMixin from mod fabric-rendering-v1 and should be specified in value
[17:14:16] [main/DEBUG] (FabricLoader/Mixin) @Mixin target net/minecraft/client/gui/screen/DebugOptionsScreen$OptionsListWidget is public in fabric-rendering-v1.mixins.json:DebugOptionsScreenListWidgetMixin from mod fabric-rendering-v1 and should be specified in value
[17:14:16] [main/DEBUG] (FabricLoader/Mixin) @Mixin target net/minecraft/client/gui/render/GuiRenderer$Draw is public in fabric-rendering-v1.mixins.json:DrawAccessor from mod fabric-rendering-v1 and should be specified in value
[17:14:16] [main/DEBUG] (FabricLoader/Mixin) Preparing fabric-command-api-v2.mixins.json (6)
[17:14:16] [main/DEBUG] (FabricLoader/Mixin) Preparing fabric-command-api-v2.client.mixins.json (2)
[17:14:16] [main/DEBUG] (FabricLoader/Mixin) Preparing fabric-renderer-api-v1.mixins.json (27)
[17:14:16] [main/DEBUG] (FabricLoader/Mixin) @Mixin target net/minecraft/client/render/model/BakedModelManager$1 is public in fabric-renderer-api-v1.mixins.json:client.sprite.BakedModelManager1Mixin from mod fabric-renderer-api-v1 and should be specified in value
[17:14:16] [main/DEBUG] (FabricLoader/Mixin) Preparing fabric-key-binding-api-v1.mixins.json (3)
[17:14:16] [main/DEBUG] (FabricLoader/Mixin) Preparing fabric-screen-api-v1.mixins.json (7)
[17:14:16] [main/DEBUG] (FabricLoader/Mixin) Preparing fabric-data-attachment-api-v1.mixins.json (14)
[17:14:16] [main/DEBUG] (FabricLoader/Mixin) Preparing fabric-data-attachment-api-v1.client.mixins.json (1)
[17:14:16] [main/DEBUG] (FabricLoader/Mixin) Preparing fabric-api-lookup-api-v1.mixins.json (2)
[17:14:16] [main/DEBUG] (FabricLoader/Mixin) Inner class net/fabricmc/fabric/mixin/itemgroup/ItemGroupsMixin$1ItemGroupPosition in net/fabricmc/fabric/mixin/itemgroup/ItemGroupsMixin on net/minecraft/item/ItemGroups gets unique name net/minecraft/item/ItemGroups$1ItemGroupPosition$adddd4e64e134cd69540f5144fe96da1
[17:14:16] [main/WARN] (FabricLoader/Mixin) Error loading class: org/jetbrains/annotations/ApiStatus$Internal (java.lang.ClassNotFoundException: org/jetbrains/annotations/ApiStatus$Internal)
[17:14:16] [main/DEBUG] (FabricLoader/Mixin) Inner class net/fabricmc/fabric/mixin/transfer/ChiseledBookshelfBlockEntityMixin$1 in net/fabricmc/fabric/mixin/transfer/ChiseledBookshelfBlockEntityMixin on net/minecraft/block/entity/ChiseledBookshelfBlockEntity gets unique name net/minecraft/block/entity/ChiseledBookshelfBlockEntity$Anonymous$e72ffc23bfe44399b546626c35798e92
[17:14:16] [main/DEBUG] (FabricLoader/Mixin) Inner class net/fabricmc/fabric/mixin/renderer/client/block/model/MultipartBlockStateModelMixin$1Key in net/fabricmc/fabric/mixin/renderer/client/block/model/MultipartBlockStateModelMixin on net/minecraft/client/render/model/MultipartBlockStateModel gets unique name net/minecraft/client/render/model/MultipartBlockStateModel$1Key$a2667f4e66a64cc399d32919393abdb4
[17:14:16] [main/DEBUG] (FabricLoader/Mixin) Prepared 547 mixins in 0,813 sec (1,5ms avg) (0ms load, 0ms transform, 0ms plugin)
[17:14:16] [main/INFO] (FabricLoader/MixinExtras|Service) Initializing MixinExtras via com.llamalad7.mixinextras.service.MixinExtrasServiceImpl(version=0.5.0).
[17:14:16] [main/DEBUG] (FabricLoader/Mixin) Registering new injector for @SugarWrapper with com.llamalad7.mixinextras.sugar.impl.SugarWrapperInjectionInfo
[17:14:16] [main/DEBUG] (FabricLoader/Mixin) Registering new injector for @FactoryRedirectWrapper with com.llamalad7.mixinextras.wrapper.factory.FactoryRedirectWrapperInjectionInfo
[17:14:16] [main/DEBUG] (FabricLoader/Mixin) Registering new injector for @ExpressionInjectorWrapper with com.llamalad7.mixinextras.expression.impl.wrapper.ExpressionInjectorWrapperInjectionInfo
[17:14:16] [main/DEBUG] (FabricLoader/Mixin) Mixing client.MixinMain from notenoughcrashes.fabric.mixins.json into net.minecraft.client.main.Main
[17:14:16] [main/DEBUG] (FabricLoader/Mixin) notenoughcrashes.fabric.mixins.json:client.MixinMain from mod notenoughcrashes->@Inject::asSoonAsPossible([Ljava/lang/String;Lorg/spongepowered/asm/mixin/injection/callback/CallbackInfo;)V doesn't use it's CallbackInfo
[17:14:17] [main/DEBUG] (FabricLoader/Mixin) Mixing serialization.DataResultMixin from owo.mixins.json into com.mojang.serialization.DataResult
[17:14:17] [main/DEBUG] (FabricLoader/Mixin) owo.mixins.json:serialization.DataResultMixin from mod owo: Class version 65 required is higher than the class version supported by the current version of Mixin (JAVA_16 supports class version 60)
[17:14:17] [main/DEBUG] (FabricLoader/Mixin) owo.mixins.json:serialization.DataResultMixin from mod owo->@Inject::wrapMessageWithStacktrace(Lorg/spongepowered/asm/mixin/injection/callback/CallbackInfoReturnable;)V doesn't use it's CallbackInfoReturnable
[17:14:17] [main/DEBUG] (FabricLoader/Mixin) owo.mixins.json:serialization.DataResultMixin from mod owo->@Inject::wrapMessageWithStacktrace(Lorg/spongepowered/asm/mixin/injection/callback/CallbackInfoReturnable;)V doesn't use it's CallbackInfoReturnable
[17:14:17] [main/DEBUG] (FabricLoader/Mixin) owo.mixins.json:serialization.DataResultMixin from mod owo->@Inject::wrapMessageWithStacktrace(Lorg/spongepowered/asm/mixin/injection/callback/CallbackInfoReturnable;)V doesn't use it's CallbackInfoReturnable
[17:14:17] [main/DEBUG] (FabricLoader/Mixin) owo.mixins.json:serialization.DataResultMixin from mod owo->@Inject::wrapMessageWithStacktrace(Lorg/spongepowered/asm/mixin/injection/callback/CallbackInfoReturnable;)V doesn't use it's CallbackInfoReturnable
[17:14:17] [main/DEBUG] (io.netty.util.internal.logging.InternalLoggerFactory) Using SLF4J as the default logging framework
[17:14:17] [main/DEBUG] (io.netty.util.ResourceLeakDetector) -Dio.netty.leakDetection.level: simple
[17:14:17] [main/DEBUG] (io.netty.util.ResourceLeakDetector) -Dio.netty.leakDetection.targetRecords: 4
[17:14:17] [main/DEBUG] (FabricLoader/Mixin) Mixing text.TranslatableTextContentMixin from owo.mixins.json into net.minecraft.text.TranslatableTextContent
[17:14:17] [main/DEBUG] (FabricLoader/Mixin) owo.mixins.json:text.TranslatableTextContentMixin from mod owo: Class version 65 required is higher than the class version supported by the current version of Mixin (JAVA_16 supports class version 60)
[17:14:17] [main/DEBUG] (FabricLoader/Mixin) owo.mixins.json:text.TranslatableTextContentMixin from mod owo->@Inject::enter(Lorg/spongepowered/asm/mixin/injection/callback/CallbackInfoReturnable;)V does use it's CallbackInfoReturnable
[17:14:17] [main/DEBUG] (FabricLoader/Mixin) owo.mixins.json:text.TranslatableTextContentMixin from mod owo->@Inject::enter(Lorg/spongepowered/asm/mixin/injection/callback/CallbackInfoReturnable;)V does use it's CallbackInfoReturnable
[17:14:17] [main/DEBUG] (FabricLoader/Mixin) owo.mixins.json:text.TranslatableTextContentMixin from mod owo->@Inject::exit(Lorg/spongepowered/asm/mixin/injection/callback/CallbackInfoReturnable;)V doesn't use it's CallbackInfoReturnable
[17:14:17] [main/DEBUG] (FabricLoader/Mixin) owo.mixins.json:text.TranslatableTextContentMixin from mod owo->@Inject::exit(Lorg/spongepowered/asm/mixin/injection/callback/CallbackInfoReturnable;)V has 0 override(s) in child classes
[17:14:17] [main/DEBUG] (FabricLoader/Mixin) owo.mixins.json:text.TranslatableTextContentMixin from mod owo->@Inject::exit(Lorg/spongepowered/asm/mixin/injection/callback/CallbackInfoReturnable;)V won't be passed a CallbackInfoReturnable as a result
[17:14:17] [main/DEBUG] (FabricLoader/Mixin) owo.mixins.json:text.TranslatableTextContentMixin from mod owo->@Inject::exit(Lorg/spongepowered/asm/mixin/injection/callback/CallbackInfoReturnable;)V doesn't use it's CallbackInfoReturnable
[17:14:17] [main/DEBUG] (FabricLoader/Mixin) owo.mixins.json:text.TranslatableTextContentMixin from mod owo->@Inject::exit(Lorg/spongepowered/asm/mixin/injection/callback/CallbackInfoReturnable;)V has 0 override(s) in child classes
[17:14:17] [main/DEBUG] (FabricLoader/Mixin) owo.mixins.json:text.TranslatableTextContentMixin from mod owo->@Inject::exit(Lorg/spongepowered/asm/mixin/injection/callback/CallbackInfoReturnable;)V won't be passed a CallbackInfoReturnable as a result
[17:14:17] [main/DEBUG] (FabricLoader/Mixin) owo.mixins.json:text.TranslatableTextContentMixin from mod owo->@Inject::exit(Lorg/spongepowered/asm/mixin/injection/callback/CallbackInfoReturnable;)V doesn't use it's CallbackInfoReturnable
[17:14:17] [main/DEBUG] (FabricLoader/Mixin) owo.mixins.json:text.TranslatableTextContentMixin from mod owo->@Inject::exit(Lorg/spongepowered/asm/mixin/injection/callback/CallbackInfoReturnable;)V has 0 override(s) in child classes
[17:14:17] [main/DEBUG] (FabricLoader/Mixin) owo.mixins.json:text.TranslatableTextContentMixin from mod owo->@Inject::exit(Lorg/spongepowered/asm/mixin/injection/callback/CallbackInfoReturnable;)V won't be passed a CallbackInfoReturnable as a result
[17:14:17] [main/DEBUG] (FabricLoader/Mixin) owo.mixins.json:text.TranslatableTextContentMixin from mod owo->@Inject::exit(Lorg/spongepowered/asm/mixin/injection/callback/CallbackInfoReturnable;)V doesn't use it's CallbackInfoReturnable
[17:14:17] [main/DEBUG] (FabricLoader/Mixin) owo.mixins.json:text.TranslatableTextContentMixin from mod owo->@Inject::exit(Lorg/spongepowered/asm/mixin/injection/callback/CallbackInfoReturnable;)V has 0 override(s) in child classes
[17:14:17] [main/DEBUG] (FabricLoader/Mixin) owo.mixins.json:text.TranslatableTextContentMixin from mod owo->@Inject::exit(Lorg/spongepowered/asm/mixin/injection/callback/CallbackInfoReturnable;)V won't be passed a CallbackInfoReturnable as a result
[17:14:17] [main/DEBUG] (FabricLoader/Mixin) owo.mixins.json:text.TranslatableTextContentMixin from mod owo->@Inject::pullTranslationText(Lorg/spongepowered/asm/mixin/injection/callback/CallbackInfo;)V does use it's CallbackInfo
[17:14:17] [main/DEBUG] (FabricLoader/Mixin) Mixing text.TextCodecsMixin from owo.mixins.json into net.minecraft.text.TextCodecs
[17:14:17] [main/DEBUG] (FabricLoader/Mixin) owo.mixins.json:text.TextCodecsMixin from mod owo: Class version 65 required is higher than the class version supported by the current version of Mixin (JAVA_16 supports class version 60)
[17:14:17] [main/DEBUG] (FabricLoader/Mixin) owo.mixins.json:text.TextCodecsMixin from mod owo->@Inject::injectOwoCodecs(Lcom/mojang/serialization/Codec;Lorg/spongepowered/asm/mixin/injection/callback/CallbackInfoReturnable;)V doesn't use it's CallbackInfoReturnable
[17:14:17] [main/DEBUG] (FabricLoader/Mixin) Mixing serialization.NbtCompoundMixin from owo.mixins.json into net.minecraft.nbt.NbtCompound
[17:14:17] [main/DEBUG] (FabricLoader/Mixin) owo.mixins.json:serialization.NbtCompoundMixin from mod owo: Class version 65 required is higher than the class version supported by the current version of Mixin (JAVA_16 supports class version 60)
[17:14:17] [main/DEBUG] (FabricLoader/Mixin) Mixing TaggedChoiceMixin from fabric-dimensions-v1.mixins.json into com.mojang.datafixers.types.templates.TaggedChoice
[17:14:17] [main/DEBUG] (FabricLoader/Mixin) fabric-dimensions-v1.mixins.json:TaggedChoiceMixin from mod fabric-dimensions-v1->@Inject::onApply(Lcom/mojang/datafixers/util/Pair;Lorg/spongepowered/asm/mixin/injection/callback/CallbackInfoReturnable;)V does use it's CallbackInfoReturnable
[17:14:17] [main/DEBUG] (FabricLoader/Mixin) Mixing TaggedChoiceTaggedChoiceTypeMixin from fabric-dimensions-v1.mixins.json into com.mojang.datafixers.types.templates.TaggedChoice$TaggedChoiceType
[17:14:17] [main/DEBUG] (FabricLoader/Mixin) fabric-dimensions-v1.mixins.json:TaggedChoiceTaggedChoiceTypeMixin from mod fabric-dimensions-v1->@Inject::onGetCodec(Ljava/lang/Object;Lorg/spongepowered/asm/mixin/injection/callback/CallbackInfoReturnable;)V does use it's CallbackInfoReturnable
[17:14:17] [main/DEBUG] (FabricLoader/Mixin) Mixing Schema2832Mixin from fabric-dimensions-v1.mixins.json into net.minecraft.datafixer.schema.Schema2832
[17:14:18] [main/DEBUG] (FabricLoader/Mixin) Mixing MixinCrashReport from notenoughcrashes.mixins.json into net.minecraft.util.crash.CrashReport
[17:14:18] [main/DEBUG] (FabricLoader/Mixin) Renaming synthetic method lambda$beforeSystemDetailsAreWritten$1()Ljava/lang/String; to md5eac00$notenoughcrashes$lambda$beforeSystemDetailsAreWritten$1$0 in notenoughcrashes.mixins.json:MixinCrashReport from mod notenoughcrashes
[17:14:18] [main/DEBUG] (FabricLoader/Mixin) Renaming synthetic method lambda$beforeSystemDetailsAreWritten$0(Lfudge/notenoughcrashes/platform/CommonModMetadata;)Ljava/lang/String; to md5eac00$notenoughcrashes$lambda$beforeSystemDetailsAreWritten$0$1 in notenoughcrashes.mixins.json:MixinCrashReport from mod notenoughcrashes
[17:14:18] [main/DEBUG] (FabricLoader/Mixin) Mixing CrashReportMixin from 12th-client.mixins.json into net.minecraft.util.crash.CrashReport
[17:14:18] [main/DEBUG] (FabricLoader/Mixin) notenoughcrashes.mixins.json:MixinCrashReport from mod notenoughcrashes->@Inject::beforeSystemDetailsAreWritten(Lorg/spongepowered/asm/mixin/injection/callback/CallbackInfo;)V doesn't use it's CallbackInfo
[17:14:18] [main/DEBUG] (FabricLoader/Mixin) notenoughcrashes.mixins.json:MixinCrashReport from mod notenoughcrashes->@Inject::beforeSystemDetailsAreWritten(Lorg/spongepowered/asm/mixin/injection/callback/CallbackInfo;)V has 0 override(s) in child classes
[17:14:18] [main/DEBUG] (FabricLoader/Mixin) notenoughcrashes.mixins.json:MixinCrashReport from mod notenoughcrashes->@Inject::beforeSystemDetailsAreWritten(Lorg/spongepowered/asm/mixin/injection/callback/CallbackInfo;)V won't be passed a CallbackInfo as a result
[17:14:18] [main/DEBUG] (FabricLoader/Mixin) 12th-client.mixins.json:CrashReportMixin from mod twelfth-client->@Inject::onCrash(Ljava/lang/String;Ljava/lang/Throwable;Lorg/spongepowered/asm/mixin/injection/callback/CallbackInfo;)V doesn't use it's CallbackInfo
[17:14:18] [main/DEBUG] (FabricLoader/Mixin) Mixing SystemDetailsMixin from fabric-crash-report-info-v1.mixins.json into net.minecraft.util.SystemDetails
[17:14:18] [main/DEBUG] (FabricLoader/Mixin) Renaming synthetic method lambda$appendMods$1(Lnet/fabricmc/loader/api/ModContainer;)Ljava/lang/String; to md5eac00$fabric-crash-report-info-v1$lambda$appendMods$1$0 in fabric-crash-report-info-v1.mixins.json:SystemDetailsMixin from mod fabric-crash-report-info-v1
[17:14:18] [main/DEBUG] (FabricLoader/Mixin) Renaming synthetic method lambda$fillSystemDetails$0()Ljava/lang/String; to md5eac00$fabric-crash-report-info-v1$lambda$fillSystemDetails$0$1 in fabric-crash-report-info-v1.mixins.json:SystemDetailsMixin from mod fabric-crash-report-info-v1
[17:14:18] [main/DEBUG] (FabricLoader/Mixin) fabric-crash-report-info-v1.mixins.json:SystemDetailsMixin from mod fabric-crash-report-info-v1->@Inject::fillSystemDetails(Lorg/spongepowered/asm/mixin/injection/callback/CallbackInfo;)V doesn't use it's CallbackInfo
[17:14:18] [main/DEBUG] (FabricLoader/Mixin) fabric-crash-report-info-v1.mixins.json:SystemDetailsMixin from mod fabric-crash-report-info-v1->@Inject::fillSystemDetails(Lorg/spongepowered/asm/mixin/injection/callback/CallbackInfo;)V has 0 override(s) in child classes
[17:14:18] [main/DEBUG] (FabricLoader/Mixin) fabric-crash-report-info-v1.mixins.json:SystemDetailsMixin from mod fabric-crash-report-info-v1->@Inject::fillSystemDetails(Lorg/spongepowered/asm/mixin/injection/callback/CallbackInfo;)V won't be passed a CallbackInfo as a result
[17:14:18] [main/WARN] (net.minecraft.util.SystemDetails) Failed retrieving info for group processor
java.lang.AbstractMethodError: Receiver class com.sun.jna.platform.win32.WinNT$OSVERSIONINFOEX does not define or inherit an implementation of the resolved method 'abstract java.util.List getFieldOrder()' of abstract class com.sun.jna.Structure.
	at knot/com.sun.jna.Structure.fieldOrder(Structure.java:952) ~[discord-rpc-1.6.2.jar:?]
	at knot/com.sun.jna.Structure.getFields(Structure.java:1006) ~[discord-rpc-1.6.2.jar:?]
	at knot/com.sun.jna.Structure.deriveLayout(Structure.java:1172) ~[discord-rpc-1.6.2.jar:?]
	at knot/com.sun.jna.Structure.calculateSize(Structure.java:1097) ~[discord-rpc-1.6.2.jar:?]
	at knot/com.sun.jna.Structure.calculateSize(Structure.java:1049) ~[discord-rpc-1.6.2.jar:?]
	at knot/com.sun.jna.Structure.allocateMemory(Structure.java:403) ~[discord-rpc-1.6.2.jar:?]
	at knot/com.sun.jna.Structure.<init>(Structure.java:194) ~[discord-rpc-1.6.2.jar:?]
	at knot/com.sun.jna.Structure.<init>(Structure.java:182) ~[discord-rpc-1.6.2.jar:?]
	at knot/com.sun.jna.Structure.<init>(Structure.java:169) ~[discord-rpc-1.6.2.jar:?]
	at knot/com.sun.jna.Structure.<init>(Structure.java:161) ~[discord-rpc-1.6.2.jar:?]
	at knot/com.sun.jna.platform.win32.WinNT$OSVERSIONINFOEX.<init>(WinNT.java:1980) ~[jna-platform-5.15.0.jar:?]
	at knot/com.sun.jna.platform.win32.VersionHelpers.IsWindowsVersionOrGreater(VersionHelpers.java:59) ~[jna-platform-5.15.0.jar:?]
	at knot/com.sun.jna.platform.win32.VersionHelpers.IsWindows8OrGreater(VersionHelpers.java:170) ~[jna-platform-5.15.0.jar:?]
	at knot/oshi.hardware.platform.windows.WindowsCentralProcessor.<clinit>(WindowsCentralProcessor.java:80) ~[oshi-core-6.6.5.jar:?]
	at knot/oshi.hardware.platform.windows.WindowsHardwareAbstractionLayer.createProcessor(WindowsHardwareAbstractionLayer.java:42) ~[oshi-core-6.6.5.jar:?]
	at knot/oshi.util.Memoizer$1.get(Memoizer.java:61) ~[oshi-core-6.6.5.jar:?]
	at knot/oshi.hardware.common.AbstractHardwareAbstractionLayer.getProcessor(AbstractHardwareAbstractionLayer.java:48) ~[oshi-core-6.6.5.jar:?]
	at knot/net.minecraft.util.SystemDetails.method_37146(SystemDetails.java:86) ~[minecraft-merged-6cb5df0391-1.21.10-net.fabricmc.yarn.1_21_10.1.21.10+build.2-v2.jar:?]
	at knot/net.minecraft.util.SystemDetails.tryAddGroup(SystemDetails.java:94) ~[minecraft-merged-6cb5df0391-1.21.10-net.fabricmc.yarn.1_21_10.1.21.10+build.2-v2.jar:?]
	at knot/net.minecraft.util.SystemDetails.addHardwareGroup(SystemDetails.java:86) ~[minecraft-merged-6cb5df0391-1.21.10-net.fabricmc.yarn.1_21_10.1.21.10+build.2-v2.jar:?]
	at knot/net.minecraft.util.SystemDetails.method_68673(SystemDetails.java:58) ~[minecraft-merged-6cb5df0391-1.21.10-net.fabricmc.yarn.1_21_10.1.21.10+build.2-v2.jar:?]
	at knot/net.minecraft.util.SystemDetails.tryAddGroup(SystemDetails.java:94) [minecraft-merged-6cb5df0391-1.21.10-net.fabricmc.yarn.1_21_10.1.21.10+build.2-v2.jar:?]
	at knot/net.minecraft.util.SystemDetails.<init>(SystemDetails.java:58) [minecraft-merged-6cb5df0391-1.21.10-net.fabricmc.yarn.1_21_10.1.21.10+build.2-v2.jar:?]
	at knot/net.minecraft.util.crash.CrashReport.<init>(CrashReport.java:35) [minecraft-merged-6cb5df0391-1.21.10-net.fabricmc.yarn.1_21_10.1.21.10+build.2-v2.jar:?]
	at knot/net.minecraft.util.crash.CrashReport.initCrashReport(CrashReport.java:234) [minecraft-merged-6cb5df0391-1.21.10-net.fabricmc.yarn.1_21_10.1.21.10+build.2-v2.jar:?]
	at knot/net.minecraft.client.main.Main.main(Main.java:130) [minecraft-merged-6cb5df0391-1.21.10-net.fabricmc.yarn.1_21_10.1.21.10+build.2-v2.jar:?]
	at net.fabricmc.loader.impl.game.minecraft.MinecraftGameProvider.launch(MinecraftGameProvider.java:514) [fabric-loader-0.18.0.jar:?]
	at net.fabricmc.loader.impl.launch.knot.Knot.launch(Knot.java:72) [fabric-loader-0.18.0.jar:?]
	at net.fabricmc.loader.impl.launch.knot.KnotClient.main(KnotClient.java:23) [fabric-loader-0.18.0.jar:?]
	at net.fabricmc.devlaunchinjector.Main.main(Main.java:86) [dev-launch-injector-0.2.1+build.8.jar:?]
[17:14:18] [main/WARN] (net.minecraft.util.SystemDetails) Failed retrieving info for group graphics
java.lang.AbstractMethodError: Receiver class com.sun.jna.platform.win32.WinNT$OSVERSIONINFOEX does not define or inherit an implementation of the resolved method 'abstract java.util.List getFieldOrder()' of abstract class com.sun.jna.Structure.
	at knot/com.sun.jna.Structure.fieldOrder(Structure.java:952) ~[discord-rpc-1.6.2.jar:?]
	at knot/com.sun.jna.Structure.getFields(Structure.java:1006) ~[discord-rpc-1.6.2.jar:?]
	at knot/com.sun.jna.Structure.deriveLayout(Structure.java:1172) ~[discord-rpc-1.6.2.jar:?]
	at knot/com.sun.jna.Structure.calculateSize(Structure.java:1097) ~[discord-rpc-1.6.2.jar:?]
	at knot/com.sun.jna.Structure.calculateSize(Structure.java:1049) ~[discord-rpc-1.6.2.jar:?]
	at knot/com.sun.jna.Structure.allocateMemory(Structure.java:403) ~[discord-rpc-1.6.2.jar:?]
	at knot/com.sun.jna.Structure.<init>(Structure.java:194) ~[discord-rpc-1.6.2.jar:?]
	at knot/com.sun.jna.Structure.<init>(Structure.java:182) ~[discord-rpc-1.6.2.jar:?]
	at knot/com.sun.jna.Structure.<init>(Structure.java:169) ~[discord-rpc-1.6.2.jar:?]
	at knot/com.sun.jna.Structure.<init>(Structure.java:161) ~[discord-rpc-1.6.2.jar:?]
	at knot/com.sun.jna.platform.win32.WinNT$OSVERSIONINFOEX.<init>(WinNT.java:1980) ~[jna-platform-5.15.0.jar:?]
	at knot/com.sun.jna.platform.win32.VersionHelpers.IsWindowsVersionOrGreater(VersionHelpers.java:59) ~[jna-platform-5.15.0.jar:?]
	at knot/com.sun.jna.platform.win32.VersionHelpers.IsWindowsVistaOrGreater(VersionHelpers.java:127) ~[jna-platform-5.15.0.jar:?]
	at knot/oshi.hardware.platform.windows.WindowsGraphicsCard.<clinit>(WindowsGraphicsCard.java:39) ~[oshi-core-6.6.5.jar:?]
	at knot/oshi.hardware.platform.windows.WindowsHardwareAbstractionLayer.getGraphicsCards(WindowsHardwareAbstractionLayer.java:87) ~[oshi-core-6.6.5.jar:?]
	at knot/net.minecraft.util.SystemDetails.method_37140(SystemDetails.java:87) ~[minecraft-merged-6cb5df0391-1.21.10-net.fabricmc.yarn.1_21_10.1.21.10+build.2-v2.jar:?]
	at knot/net.minecraft.util.SystemDetails.tryAddGroup(SystemDetails.java:94) ~[minecraft-merged-6cb5df0391-1.21.10-net.fabricmc.yarn.1_21_10.1.21.10+build.2-v2.jar:?]
	at knot/net.minecraft.util.SystemDetails.addHardwareGroup(SystemDetails.java:87) ~[minecraft-merged-6cb5df0391-1.21.10-net.fabricmc.yarn.1_21_10.1.21.10+build.2-v2.jar:?]
	at knot/net.minecraft.util.SystemDetails.method_68673(SystemDetails.java:58) ~[minecraft-merged-6cb5df0391-1.21.10-net.fabricmc.yarn.1_21_10.1.21.10+build.2-v2.jar:?]
	at knot/net.minecraft.util.SystemDetails.tryAddGroup(SystemDetails.java:94) [minecraft-merged-6cb5df0391-1.21.10-net.fabricmc.yarn.1_21_10.1.21.10+build.2-v2.jar:?]
	at knot/net.minecraft.util.SystemDetails.<init>(SystemDetails.java:58) [minecraft-merged-6cb5df0391-1.21.10-net.fabricmc.yarn.1_21_10.1.21.10+build.2-v2.jar:?]
	at knot/net.minecraft.util.crash.CrashReport.<init>(CrashReport.java:35) [minecraft-merged-6cb5df0391-1.21.10-net.fabricmc.yarn.1_21_10.1.21.10+build.2-v2.jar:?]
	at knot/net.minecraft.util.crash.CrashReport.initCrashReport(CrashReport.java:234) [minecraft-merged-6cb5df0391-1.21.10-net.fabricmc.yarn.1_21_10.1.21.10+build.2-v2.jar:?]
	at knot/net.minecraft.client.main.Main.main(Main.java:130) [minecraft-merged-6cb5df0391-1.21.10-net.fabricmc.yarn.1_21_10.1.21.10+build.2-v2.jar:?]
	at net.fabricmc.loader.impl.game.minecraft.MinecraftGameProvider.launch(MinecraftGameProvider.java:514) [fabric-loader-0.18.0.jar:?]
	at net.fabricmc.loader.impl.launch.knot.Knot.launch(Knot.java:72) [fabric-loader-0.18.0.jar:?]
	at net.fabricmc.loader.impl.launch.knot.KnotClient.main(KnotClient.java:23) [fabric-loader-0.18.0.jar:?]
	at net.fabricmc.devlaunchinjector.Main.main(Main.java:86) [dev-launch-injector-0.2.1+build.8.jar:?]
[17:14:18] [main/WARN] (net.minecraft.util.SystemDetails) Failed retrieving info for group memory
java.lang.AbstractMethodError: Receiver class com.sun.jna.platform.win32.WinNT$OSVERSIONINFOEX does not define or inherit an implementation of the resolved method 'abstract java.util.List getFieldOrder()' of abstract class com.sun.jna.Structure.
	at knot/com.sun.jna.Structure.fieldOrder(Structure.java:952) ~[discord-rpc-1.6.2.jar:?]
	at knot/com.sun.jna.Structure.getFields(Structure.java:1006) ~[discord-rpc-1.6.2.jar:?]
	at knot/com.sun.jna.Structure.deriveLayout(Structure.java:1172) ~[discord-rpc-1.6.2.jar:?]
	at knot/com.sun.jna.Structure.calculateSize(Structure.java:1097) ~[discord-rpc-1.6.2.jar:?]
	at knot/com.sun.jna.Structure.calculateSize(Structure.java:1049) ~[discord-rpc-1.6.2.jar:?]
	at knot/com.sun.jna.Structure.allocateMemory(Structure.java:403) ~[discord-rpc-1.6.2.jar:?]
	at knot/com.sun.jna.Structure.<init>(Structure.java:194) ~[discord-rpc-1.6.2.jar:?]
	at knot/com.sun.jna.Structure.<init>(Structure.java:182) ~[discord-rpc-1.6.2.jar:?]
	at knot/com.sun.jna.Structure.<init>(Structure.java:169) ~[discord-rpc-1.6.2.jar:?]
	at knot/com.sun.jna.Structure.<init>(Structure.java:161) ~[discord-rpc-1.6.2.jar:?]
	at knot/com.sun.jna.platform.win32.WinNT$OSVERSIONINFOEX.<init>(WinNT.java:1980) ~[jna-platform-5.15.0.jar:?]
	at knot/com.sun.jna.platform.win32.VersionHelpers.IsWindowsVersionOrGreater(VersionHelpers.java:59) ~[jna-platform-5.15.0.jar:?]
	at knot/com.sun.jna.platform.win32.VersionHelpers.IsWindows10OrGreater(VersionHelpers.java:194) ~[jna-platform-5.15.0.jar:?]
	at knot/oshi.hardware.platform.windows.WindowsGlobalMemory.<clinit>(WindowsGlobalMemory.java:41) ~[oshi-core-6.6.5.jar:?]
	at knot/oshi.hardware.platform.windows.WindowsHardwareAbstractionLayer.createMemory(WindowsHardwareAbstractionLayer.java:37) ~[oshi-core-6.6.5.jar:?]
	at knot/oshi.util.Memoizer$1.get(Memoizer.java:61) ~[oshi-core-6.6.5.jar:?]
	at knot/oshi.hardware.common.AbstractHardwareAbstractionLayer.getMemory(AbstractHardwareAbstractionLayer.java:60) ~[oshi-core-6.6.5.jar:?]
	at knot/net.minecraft.util.SystemDetails.method_37133(SystemDetails.java:88) ~[minecraft-merged-6cb5df0391-1.21.10-net.fabricmc.yarn.1_21_10.1.21.10+build.2-v2.jar:?]
	at knot/net.minecraft.util.SystemDetails.tryAddGroup(SystemDetails.java:94) ~[minecraft-merged-6cb5df0391-1.21.10-net.fabricmc.yarn.1_21_10.1.21.10+build.2-v2.jar:?]
	at knot/net.minecraft.util.SystemDetails.addHardwareGroup(SystemDetails.java:88) ~[minecraft-merged-6cb5df0391-1.21.10-net.fabricmc.yarn.1_21_10.1.21.10+build.2-v2.jar:?]
	at knot/net.minecraft.util.SystemDetails.method_68673(SystemDetails.java:58) ~[minecraft-merged-6cb5df0391-1.21.10-net.fabricmc.yarn.1_21_10.1.21.10+build.2-v2.jar:?]
	at knot/net.minecraft.util.SystemDetails.tryAddGroup(SystemDetails.java:94) [minecraft-merged-6cb5df0391-1.21.10-net.fabricmc.yarn.1_21_10.1.21.10+build.2-v2.jar:?]
	at knot/net.minecraft.util.SystemDetails.<init>(SystemDetails.java:58) [minecraft-merged-6cb5df0391-1.21.10-net.fabricmc.yarn.1_21_10.1.21.10+build.2-v2.jar:?]
	at knot/net.minecraft.util.crash.CrashReport.<init>(CrashReport.java:35) [minecraft-merged-6cb5df0391-1.21.10-net.fabricmc.yarn.1_21_10.1.21.10+build.2-v2.jar:?]
	at knot/net.minecraft.util.crash.CrashReport.initCrashReport(CrashReport.java:234) [minecraft-merged-6cb5df0391-1.21.10-net.fabricmc.yarn.1_21_10.1.21.10+build.2-v2.jar:?]
	at knot/net.minecraft.client.main.Main.main(Main.java:130) [minecraft-merged-6cb5df0391-1.21.10-net.fabricmc.yarn.1_21_10.1.21.10+build.2-v2.jar:?]
	at net.fabricmc.loader.impl.game.minecraft.MinecraftGameProvider.launch(MinecraftGameProvider.java:514) [fabric-loader-0.18.0.jar:?]
	at net.fabricmc.loader.impl.launch.knot.Knot.launch(Knot.java:72) [fabric-loader-0.18.0.jar:?]
	at net.fabricmc.loader.impl.launch.knot.KnotClient.main(KnotClient.java:23) [fabric-loader-0.18.0.jar:?]
	at net.fabricmc.devlaunchinjector.Main.main(Main.java:86) [dev-launch-injector-0.2.1+build.8.jar:?]
[17:14:18] [Datafixer Bootstrap/INFO] (com.mojang.datafixers.DataFixerBuilder) 278 Datafixer optimizations took 519 milliseconds
[17:14:18] [main/DEBUG] (FabricLoader/Mixin) Mixing ui.ScreenMixin from owo.mixins.json into net.minecraft.client.gui.screen.Screen
[17:14:18] [main/DEBUG] (FabricLoader/Mixin) owo.mixins.json:ui.ScreenMixin from mod owo: Class version 65 required is higher than the class version supported by the current version of Mixin (JAVA_16 supports class version 60)
[17:14:18] [main/DEBUG] (FabricLoader/Mixin) Mixing ScreenAccessor from fabric-screen-api-v1.mixins.json into net.minecraft.client.gui.screen.Screen
[17:14:18] [main/DEBUG] (FabricLoader/Mixin) Mixing ScreenMixin from fabric-screen-api-v1.mixins.json into net.minecraft.client.gui.screen.Screen
[17:14:18] [main/DEBUG] (FabricLoader/Mixin) Mixing ui.layers.ScreenMixin from owo.mixins.json into net.minecraft.client.gui.screen.Screen
[17:14:18] [main/DEBUG] (FabricLoader/Mixin) owo.mixins.json:ui.layers.ScreenMixin from mod owo: Class version 65 required is higher than the class version supported by the current version of Mixin (JAVA_16 supports class version 60)
[17:14:18] [main/DEBUG] (FabricLoader/Mixin) fabric-screen-api-v1.mixins.json:ScreenMixin from mod fabric-screen-api-v1->@Inject::renderWithTooltip(Lnet/minecraft/client/gui/DrawContext;IIFLorg/spongepowered/asm/mixin/injection/callback/CallbackInfo;)V doesn't use it's CallbackInfo
[17:14:18] [main/DEBUG] (FabricLoader/Mixin) fabric-screen-api-v1.mixins.json:ScreenMixin from mod fabric-screen-api-v1->@Inject::beforeInitScreen(Lnet/minecraft/client/MinecraftClient;IILorg/spongepowered/asm/mixin/injection/callback/CallbackInfo;)V doesn't use it's CallbackInfo
[17:14:18] [main/DEBUG] (FabricLoader/Mixin) fabric-screen-api-v1.mixins.json:ScreenMixin from mod fabric-screen-api-v1->@Inject::beforeInitScreen(Lnet/minecraft/client/MinecraftClient;IILorg/spongepowered/asm/mixin/injection/callback/CallbackInfo;)V has 0 override(s) in child classes
[17:14:18] [main/DEBUG] (FabricLoader/Mixin) fabric-screen-api-v1.mixins.json:ScreenMixin from mod fabric-screen-api-v1->@Inject::beforeInitScreen(Lnet/minecraft/client/MinecraftClient;IILorg/spongepowered/asm/mixin/injection/callback/CallbackInfo;)V won't be passed a CallbackInfo as a result
[17:14:18] [main/DEBUG] (FabricLoader/Mixin) fabric-screen-api-v1.mixins.json:ScreenMixin from mod fabric-screen-api-v1->@Inject::afterInitScreen(Lnet/minecraft/client/MinecraftClient;IILorg/spongepowered/asm/mixin/injection/callback/CallbackInfo;)V doesn't use it's CallbackInfo
[17:14:18] [main/DEBUG] (FabricLoader/Mixin) fabric-screen-api-v1.mixins.json:ScreenMixin from mod fabric-screen-api-v1->@Inject::afterInitScreen(Lnet/minecraft/client/MinecraftClient;IILorg/spongepowered/asm/mixin/injection/callback/CallbackInfo;)V has 0 override(s) in child classes
[17:14:18] [main/DEBUG] (FabricLoader/Mixin) fabric-screen-api-v1.mixins.json:ScreenMixin from mod fabric-screen-api-v1->@Inject::afterInitScreen(Lnet/minecraft/client/MinecraftClient;IILorg/spongepowered/asm/mixin/injection/callback/CallbackInfo;)V won't be passed a CallbackInfo as a result
[17:14:18] [main/DEBUG] (FabricLoader/Mixin) fabric-screen-api-v1.mixins.json:ScreenMixin from mod fabric-screen-api-v1->@Inject::beforeResizeScreen(Lnet/minecraft/client/MinecraftClient;IILorg/spongepowered/asm/mixin/injection/callback/CallbackInfo;)V doesn't use it's CallbackInfo
[17:14:18] [main/DEBUG] (FabricLoader/Mixin) fabric-screen-api-v1.mixins.json:ScreenMixin from mod fabric-screen-api-v1->@Inject::beforeResizeScreen(Lnet/minecraft/client/MinecraftClient;IILorg/spongepowered/asm/mixin/injection/callback/CallbackInfo;)V has 0 override(s) in child classes
[17:14:18] [main/DEBUG] (FabricLoader/Mixin) fabric-screen-api-v1.mixins.json:ScreenMixin from mod fabric-screen-api-v1->@Inject::beforeResizeScreen(Lnet/minecraft/client/MinecraftClient;IILorg/spongepowered/asm/mixin/injection/callback/CallbackInfo;)V won't be passed a CallbackInfo as a result
[17:14:18] [main/DEBUG] (FabricLoader/Mixin) fabric-screen-api-v1.mixins.json:ScreenMixin from mod fabric-screen-api-v1->@Inject::afterResizeScreen(Lnet/minecraft/client/MinecraftClient;IILorg/spongepowered/asm/mixin/injection/callback/CallbackInfo;)V doesn't use it's CallbackInfo
[17:14:18] [main/DEBUG] (FabricLoader/Mixin) fabric-screen-api-v1.mixins.json:ScreenMixin from mod fabric-screen-api-v1->@Inject::afterResizeScreen(Lnet/minecraft/client/MinecraftClient;IILorg/spongepowered/asm/mixin/injection/callback/CallbackInfo;)V has 0 override(s) in child classes
[17:14:18] [main/DEBUG] (FabricLoader/Mixin) fabric-screen-api-v1.mixins.json:ScreenMixin from mod fabric-screen-api-v1->@Inject::afterResizeScreen(Lnet/minecraft/client/MinecraftClient;IILorg/spongepowered/asm/mixin/injection/callback/CallbackInfo;)V won't be passed a CallbackInfo as a result
[17:14:18] [main/DEBUG] (FabricLoader/Mixin) Mixing BootstrapMixin from fabric-registry-sync-v0.mixins.json into net.minecraft.Bootstrap
[17:14:18] [main/DEBUG] (FabricLoader/Mixin) Renaming synthetic method lambda$afterInitialize$1(Lnet/minecraft/fluid/Fluid;)Ljava/util/Collection; to md5eac00$fabric-registry-sync-v0$lambda$afterInitialize$1$0 in fabric-registry-sync-v0.mixins.json:BootstrapMixin from mod fabric-registry-sync-v0
[17:14:18] [main/DEBUG] (FabricLoader/Mixin) Renaming synthetic method lambda$afterInitialize$0(Lnet/minecraft/block/Block;)Ljava/util/Collection; to md5eac00$fabric-registry-sync-v0$lambda$afterInitialize$0$1 in fabric-registry-sync-v0.mixins.json:BootstrapMixin from mod fabric-registry-sync-v0
[17:14:18] [main/DEBUG] (FabricLoader/Mixin) fabric-registry-sync-v0.mixins.json:BootstrapMixin from mod fabric-registry-sync-v0->@Inject::afterInitialize(Lorg/spongepowered/asm/mixin/injection/callback/CallbackInfo;)V doesn't use it's CallbackInfo
[17:14:18] [main/DEBUG] (FabricLoader/Mixin) Mixing RegistryMixin from fabric-registry-sync-v0.mixins.json into net.minecraft.registry.Registry
[17:14:18] [main/DEBUG] (FabricLoader/Mixin) Mixing RegistriesMixin from fabric-item-api-v1.mixins.json into net.minecraft.registry.Registries
[17:14:18] [main/DEBUG] (FabricLoader/Mixin) Mixing RegistriesAccessor from fabric-registry-sync-v0.mixins.json into net.minecraft.registry.Registries
[17:14:18] [main/DEBUG] (FabricLoader/Mixin) Renaming @Accessor method getROOT()Lnet/minecraft/registry/MutableRegistry; to getROOT$fabric-registry-sync-v0_$md$5eac00$0 in fabric-registry-sync-v0.mixins.json:RegistriesAccessor from mod fabric-registry-sync-v0
[17:14:18] [main/DEBUG] (FabricLoader/Mixin) Mixing RegistriesMixin from fabric-registry-sync-v0.mixins.json into net.minecraft.registry.Registries
[17:14:18] [main/DEBUG] (FabricLoader/Mixin) fabric-item-api-v1.mixins.json:RegistriesMixin from mod fabric-item-api-v1->@Inject::modifyDefaultItemComponents(Lorg/spongepowered/asm/mixin/injection/callback/CallbackInfo;)V doesn't use it's CallbackInfo
[17:14:18] [main/DEBUG] (FabricLoader/Mixin) fabric-registry-sync-v0.mixins.json:RegistriesMixin from mod fabric-registry-sync-v0->@Inject::init(Lorg/spongepowered/asm/mixin/injection/callback/CallbackInfo;)V does use it's CallbackInfo
[17:14:18] [main/DEBUG] (FabricLoader/Mixin) Mixing registry.SimpleRegistryMixin from owo.mixins.json into net.minecraft.registry.SimpleRegistry
[17:14:18] [main/DEBUG] (FabricLoader/Mixin) owo.mixins.json:registry.SimpleRegistryMixin from mod owo: Class version 65 required is higher than the class version supported by the current version of Mixin (JAVA_16 supports class version 60)
[17:14:18] [main/DEBUG] (FabricLoader/Mixin) Renaming synthetic method lambda$owo$set$0(Lnet/minecraft/registry/RegistryKey;)Lnet/minecraft/registry/entry/RegistryEntry$Reference; to md5eac00$owo$lambda$owo$set$0$0 in owo.mixins.json:registry.SimpleRegistryMixin from mod owo
[17:14:18] [main/DEBUG] (FabricLoader/Mixin) Mixing SimpleRegistryAccessor from fabric-registry-sync-v0.mixins.json into net.minecraft.registry.SimpleRegistry
[17:14:18] [main/DEBUG] (FabricLoader/Mixin) Mixing SimpleRegistryMixin from fabric-registry-sync-v0.mixins.json into net.minecraft.registry.SimpleRegistry
[17:14:18] [main/DEBUG] (FabricLoader/Mixin) Renaming synthetic method lambda$init$4([Lnet/fabricmc/fabric/api/event/registry/RegistryIdRemapCallback;)Lnet/fabricmc/fabric/api/event/registry/RegistryIdRemapCallback; to md5eac00$fabric-registry-sync-v0$lambda$init$4$1 in fabric-registry-sync-v0.mixins.json:SimpleRegistryMixin from mod fabric-registry-sync-v0
[17:14:18] [main/DEBUG] (FabricLoader/Mixin) Renaming synthetic method lambda$init$3([Lnet/fabricmc/fabric/api/event/registry/RegistryIdRemapCallback;Lnet/fabricmc/fabric/api/event/registry/RegistryIdRemapCallback$RemapState;)V to md5eac00$fabric-registry-sync-v0$lambda$init$3$2 in fabric-registry-sync-v0.mixins.json:SimpleRegistryMixin from mod fabric-registry-sync-v0
[17:14:18] [main/DEBUG] (FabricLoader/Mixin) Renaming synthetic method lambda$init$2(ILnet/minecraft/util/Identifier;Ljava/lang/Object;)V to md5eac00$fabric-registry-sync-v0$lambda$init$2$3 in fabric-registry-sync-v0.mixins.json:SimpleRegistryMixin from mod fabric-registry-sync-v0
[17:14:18] [main/DEBUG] (FabricLoader/Mixin) Renaming synthetic method lambda$init$1([Lnet/fabricmc/fabric/api/event/registry/RegistryEntryAddedCallback;)Lnet/fabricmc/fabric/api/event/registry/RegistryEntryAddedCallback; to md5eac00$fabric-registry-sync-v0$lambda$init$1$4 in fabric-registry-sync-v0.mixins.json:SimpleRegistryMixin from mod fabric-registry-sync-v0
[17:14:18] [main/DEBUG] (FabricLoader/Mixin) Renaming synthetic method lambda$init$0([Lnet/fabricmc/fabric/api/event/registry/RegistryEntryAddedCallback;ILnet/minecraft/util/Identifier;Ljava/lang/Object;)V to md5eac00$fabric-registry-sync-v0$lambda$init$0$5 in fabric-registry-sync-v0.mixins.json:SimpleRegistryMixin from mod fabric-registry-sync-v0
[17:14:18] [main/DEBUG] (FabricLoader/Mixin) Mixing SimpleRegistryMixin from fabric-tag-api-v1.mixins.json into net.minecraft.registry.SimpleRegistry
[17:14:18] [main/DEBUG] (FabricLoader/Mixin) fabric-registry-sync-v0.mixins.json:SimpleRegistryMixin from mod fabric-registry-sync-v0->@Inject::init(Lnet/minecraft/registry/RegistryKey;Lcom/mojang/serialization/Lifecycle;ZLorg/spongepowered/asm/mixin/injection/callback/CallbackInfo;)V doesn't use it's CallbackInfo
[17:14:18] [main/DEBUG] (FabricLoader/Mixin) fabric-registry-sync-v0.mixins.json:SimpleRegistryMixin from mod fabric-registry-sync-v0->@Inject::init(Lnet/minecraft/registry/RegistryKey;Lcom/mojang/serialization/Lifecycle;ZLorg/spongepowered/asm/mixin/injection/callback/CallbackInfo;)V has 0 override(s) in child classes
[17:14:18] [main/DEBUG] (FabricLoader/Mixin) fabric-registry-sync-v0.mixins.json:SimpleRegistryMixin from mod fabric-registry-sync-v0->@Inject::init(Lnet/minecraft/registry/RegistryKey;Lcom/mojang/serialization/Lifecycle;ZLorg/spongepowered/asm/mixin/injection/callback/CallbackInfo;)V won't be passed a CallbackInfo as a result
[17:14:18] [main/DEBUG] (FabricLoader/Mixin) fabric-registry-sync-v0.mixins.json:SimpleRegistryMixin from mod fabric-registry-sync-v0->@Inject::set(Lnet/minecraft/registry/RegistryKey;Ljava/lang/Object;Lnet/minecraft/registry/entry/RegistryEntryInfo;Lorg/spongepowered/asm/mixin/injection/callback/CallbackInfoReturnable;)V does use it's CallbackInfoReturnable
[17:14:18] [main/DEBUG] (FabricLoader/Mixin) Mixing RegistryKeysMixin from fabric-registry-sync-v0.mixins.json into net.minecraft.registry.RegistryKeys
[17:14:18] [main/DEBUG] (FabricLoader/Mixin) Mixing registry.ReferenceAccessor from owo.mixins.json into net.minecraft.registry.entry.RegistryEntry$Reference
[17:14:18] [main/DEBUG] (FabricLoader/Mixin) owo.mixins.json:registry.ReferenceAccessor from mod owo: Class version 65 required is higher than the class version supported by the current version of Mixin (JAVA_16 supports class version 60)
[17:14:18] [main/DEBUG] (FabricLoader/Mixin) Mixing serialization.PacketByteBufMixin from owo.mixins.json into net.minecraft.network.PacketByteBuf
[17:14:18] [main/DEBUG] (FabricLoader/Mixin) owo.mixins.json:serialization.PacketByteBufMixin from mod owo: Class version 65 required is higher than the class version supported by the current version of Mixin (JAVA_16 supports class version 60)
[17:14:18] [main/DEBUG] (FabricLoader/Mixin) Renaming synthetic method lambda$write$0()Lio/wispforest/endec/Serializer; to md5eac00$owo$lambda$write$0$0 in owo.mixins.json:serialization.PacketByteBufMixin from mod owo
[17:14:18] [main/DEBUG] (FabricLoader/Mixin) Mixing ArgumentTypesAccessor from fabric-command-api-v2.mixins.json into net.minecraft.command.argument.ArgumentTypes
[17:14:18] [main/DEBUG] (FabricLoader/Mixin) Renaming @Accessor method fabric_getClassMap()Ljava/util/Map; to fabric_getClassMap$fabric-command-api-v2_$md$5eac00$0 in fabric-command-api-v2.mixins.json:ArgumentTypesAccessor from mod fabric-command-api-v2
[17:14:18] [main/DEBUG] (FabricLoader/Mixin) Mixing ItemGroupsMixin from fabric-item-group-api-v1.mixins.json into net.minecraft.item.ItemGroups
[17:14:18] [main/DEBUG] (FabricLoader/Mixin) Renaming synthetic method lambda$paginateGroups$0(Lnet/minecraft/registry/entry/RegistryEntry$Reference;Lnet/minecraft/registry/entry/RegistryEntry$Reference;)I to md5eac00$fabric-item-group-api-v1$lambda$paginateGroups$0$0 in fabric-item-group-api-v1.mixins.json:ItemGroupsMixin from mod fabric-item-group-api-v1
[17:14:18] [main/DEBUG] (FabricLoader/Mixin) fabric-item-group-api-v1.mixins.json:ItemGroupsMixin from mod fabric-item-group-api-v1->@Inject::deferDuplicateCheck(Lorg/spongepowered/asm/mixin/injection/callback/CallbackInfo;)V does use it's CallbackInfo
[17:14:18] [main/DEBUG] (FabricLoader/Mixin) fabric-item-group-api-v1.mixins.json:ItemGroupsMixin from mod fabric-item-group-api-v1->@Inject::paginateGroups(Lorg/spongepowered/asm/mixin/injection/callback/CallbackInfo;)V doesn't use it's CallbackInfo
[17:14:18] [main/DEBUG] (FabricLoader/Mixin) Mixing ItemGroupAccessor from fabric-item-group-api-v1.mixins.json into net.minecraft.item.ItemGroup
[17:14:18] [main/DEBUG] (FabricLoader/Mixin) Mixing ItemGroupMixin from fabric-item-group-api-v1.mixins.json into net.minecraft.item.ItemGroup
[17:14:18] [main/DEBUG] (FabricLoader/Mixin) Renaming synthetic method lambda$getStacks$0(Lnet/minecraft/item/ItemGroup;)Ljava/lang/IllegalStateException; to md5eac00$fabric-item-group-api-v1$lambda$getStacks$0$0 in fabric-item-group-api-v1.mixins.json:ItemGroupMixin from mod fabric-item-group-api-v1
[17:14:18] [main/DEBUG] (FabricLoader/Mixin) Mixing itemgroup.ItemGroupAccessor from owo.mixins.json into net.minecraft.item.ItemGroup
[17:14:18] [main/DEBUG] (FabricLoader/Mixin) owo.mixins.json:itemgroup.ItemGroupAccessor from mod owo: Class version 65 required is higher than the class version supported by the current version of Mixin (JAVA_16 supports class version 60)
[17:14:18] [main/DEBUG] (FabricLoader/Mixin) fabric-item-group-api-v1.mixins.json:ItemGroupMixin from mod fabric-item-group-api-v1->@Inject::getStacks(Lnet/minecraft/item/ItemGroup$DisplayContext;Lorg/spongepowered/asm/mixin/injection/callback/CallbackInfo;)V doesn't use it's CallbackInfo
[17:14:18] [main/DEBUG] (FabricLoader/Mixin) fabric-item-group-api-v1.mixins.json:ItemGroupMixin from mod fabric-item-group-api-v1->@Inject::getStacks(Lnet/minecraft/item/ItemGroup$DisplayContext;Lorg/spongepowered/asm/mixin/injection/callback/CallbackInfo;)V has 0 override(s) in child classes
[17:14:18] [main/DEBUG] (FabricLoader/Mixin) fabric-item-group-api-v1.mixins.json:ItemGroupMixin from mod fabric-item-group-api-v1->@Inject::getStacks(Lnet/minecraft/item/ItemGroup$DisplayContext;Lorg/spongepowered/asm/mixin/injection/callback/CallbackInfo;)V won't be passed a CallbackInfo as a result
[17:14:18] [main/DEBUG] (FabricLoader/Mixin) Mixing FireBlockMixin from fabric-content-registries-v0.mixins.json into net.minecraft.block.FireBlock
[17:14:18] [main/DEBUG] (FabricLoader/Mixin) fabric-content-registries-v0.mixins.json:FireBlockMixin from mod fabric-content-registries-v0->@Inject::afterConstruct(Lnet/minecraft/block/AbstractBlock$Settings;Lorg/spongepowered/asm/mixin/injection/callback/CallbackInfo;)V doesn't use it's CallbackInfo
[17:14:18] [main/DEBUG] (FabricLoader/Mixin) fabric-content-registries-v0.mixins.json:FireBlockMixin from mod fabric-content-registries-v0->@Inject::afterConstruct(Lnet/minecraft/block/AbstractBlock$Settings;Lorg/spongepowered/asm/mixin/injection/callback/CallbackInfo;)V has 0 override(s) in child classes
[17:14:18] [main/DEBUG] (FabricLoader/Mixin) fabric-content-registries-v0.mixins.json:FireBlockMixin from mod fabric-content-registries-v0->@Inject::afterConstruct(Lnet/minecraft/block/AbstractBlock$Settings;Lorg/spongepowered/asm/mixin/injection/callback/CallbackInfo;)V won't be passed a CallbackInfo as a result
[17:14:18] [main/DEBUG] (FabricLoader/Mixin) fabric-content-registries-v0.mixins.json:FireBlockMixin from mod fabric-content-registries-v0->@Inject::getFabricBurnChance(Lnet/minecraft/block/BlockState;Lorg/spongepowered/asm/mixin/injection/callback/CallbackInfoReturnable;)V does use it's CallbackInfoReturnable
[17:14:18] [main/DEBUG] (FabricLoader/Mixin) fabric-content-registries-v0.mixins.json:FireBlockMixin from mod fabric-content-registries-v0->@Inject::getFabricSpreadChance(Lnet/minecraft/block/BlockState;Lorg/spongepowered/asm/mixin/injection/callback/CallbackInfoReturnable;)V does use it's CallbackInfoReturnable
[17:14:18] [main/DEBUG] (FabricLoader/Mixin) Mixing BlockMixin from fabric-block-api-v1.mixins.json into net.minecraft.block.Block
[17:14:18] [main/DEBUG] (FabricLoader/Mixin) Mixing AbstractBlockAccessor from fabric-content-registries-v0.mixins.json into net.minecraft.block.AbstractBlock
[17:14:18] [main/DEBUG] (FabricLoader/Mixin) Mixing BlockViewMixin from fabric-block-view-api-v2.mixins.json into net.minecraft.world.BlockView
[17:14:18] [main/DEBUG] (FabricLoader/Mixin) Mixing EntityMixin from fabric-particles-v1.mixins.json into net.minecraft.entity.Entity
[17:14:18] [main/DEBUG] (FabricLoader/Mixin) Mixing EntityMixin from fabric-entity-events-v1.mixins.json into net.minecraft.entity.Entity
[17:14:18] [main/DEBUG] (FabricLoader/Mixin) Mixing AttachmentTargetsMixin from fabric-data-attachment-api-v1.mixins.json into net.minecraft.entity.Entity
[17:14:18] [main/DEBUG] (FabricLoader/Mixin) Renaming synthetic method lambda$fabric_readAttachmentsFromNbt$3(Lnet/minecraft/storage/ReadView;Lnet/fabricmc/fabric/api/attachment/v1/AttachmentType;Ljava/lang/Object;)V to md5eac00$fabric-data-attachment-api-v1$lambda$fabric_readAttachmentsFromNbt$3$0 in fabric-data-attachment-api-v1.mixins.json:AttachmentTargetsMixin from mod fabric-data-attachment-api-v1
[17:14:18] [main/DEBUG] (FabricLoader/Mixin) Renaming synthetic method lambda$onAttachedSet$2(Lnet/fabricmc/fabric/api/attachment/v1/AttachmentType;)Lnet/fabricmc/fabric/api/event/Event; to md5eac00$fabric-data-attachment-api-v1$lambda$onAttachedSet$2$1 in fabric-data-attachment-api-v1.mixins.json:AttachmentTargetsMixin from mod fabric-data-attachment-api-v1
[17:14:18] [main/DEBUG] (FabricLoader/Mixin) Renaming synthetic method lambda$onAttachedSet$1([Lnet/fabricmc/fabric/api/attachment/v1/AttachmentTarget$OnAttachedSet;)Lnet/fabricmc/fabric/api/attachment/v1/AttachmentTarget$OnAttachedSet; to md5eac00$fabric-data-attachment-api-v1$lambda$onAttachedSet$1$2 in fabric-data-attachment-api-v1.mixins.json:AttachmentTargetsMixin from mod fabric-data-attachment-api-v1
[17:14:18] [main/DEBUG] (FabricLoader/Mixin) Renaming synthetic method lambda$onAttachedSet$0([Lnet/fabricmc/fabric/api/attachment/v1/AttachmentTarget$OnAttachedSet;Ljava/lang/Object;Ljava/lang/Object;)V to md5eac00$fabric-data-attachment-api-v1$lambda$onAttachedSet$0$3 in fabric-data-attachment-api-v1.mixins.json:AttachmentTargetsMixin from mod fabric-data-attachment-api-v1
[17:14:18] [main/DEBUG] (FabricLoader/Mixin) Mixing EntityMixin from fabric-data-attachment-api-v1.mixins.json into net.minecraft.entity.Entity
[17:14:18] [main/DEBUG] (FabricLoader/Mixin) Renaming synthetic method lambda$fabric_syncChange$0(Lnet/fabricmc/fabric/api/attachment/v1/AttachmentSyncPredicate;Lnet/fabricmc/fabric/impl/attachment/sync/AttachmentChange;Lnet/minecraft/server/network/ServerPlayerEntity;)V to md5eac00$fabric-data-attachment-api-v1$lambda$fabric_syncChange$0$4 in fabric-data-attachment-api-v1.mixins.json:EntityMixin from mod fabric-data-attachment-api-v1
[17:14:18] [main/DEBUG] (FabricLoader/Mixin) Mixing MixinEntity from notenoughcrashes.mixins.json into net.minecraft.entity.Entity
[17:14:18] [main/DEBUG] (FabricLoader/Mixin) Renaming synthetic method lambda$onPopulateCrashReport$0()Ljava/lang/String; to md5eac00$notenoughcrashes$lambda$onPopulateCrashReport$0$5 in notenoughcrashes.mixins.json:MixinEntity from mod notenoughcrashes
[17:14:18] [main/DEBUG] (FabricLoader/Mixin) fabric-data-attachment-api-v1.mixins.json:EntityMixin from mod fabric-data-attachment-api-v1->@Inject::readEntityAttachments(Lnet/minecraft/storage/ReadView;Lorg/spongepowered/asm/mixin/injection/callback/CallbackInfo;)V doesn't use it's CallbackInfo
[17:14:18] [main/DEBUG] (FabricLoader/Mixin) fabric-data-attachment-api-v1.mixins.json:EntityMixin from mod fabric-data-attachment-api-v1->@Inject::readEntityAttachments(Lnet/minecraft/storage/ReadView;Lorg/spongepowered/asm/mixin/injection/callback/CallbackInfo;)V has 0 override(s) in child classes
[17:14:18] [main/DEBUG] (FabricLoader/Mixin) fabric-data-attachment-api-v1.mixins.json:EntityMixin from mod fabric-data-attachment-api-v1->@Inject::readEntityAttachments(Lnet/minecraft/storage/ReadView;Lorg/spongepowered/asm/mixin/injection/callback/CallbackInfo;)V won't be passed a CallbackInfo as a result
[17:14:18] [main/DEBUG] (FabricLoader/Mixin) fabric-data-attachment-api-v1.mixins.json:EntityMixin from mod fabric-data-attachment-api-v1->@Inject::writeEntityAttachments(Lnet/minecraft/storage/WriteView;Lorg/spongepowered/asm/mixin/injection/callback/CallbackInfo;)V doesn't use it's CallbackInfo
[17:14:18] [main/DEBUG] (FabricLoader/Mixin) fabric-data-attachment-api-v1.mixins.json:EntityMixin from mod fabric-data-attachment-api-v1->@Inject::writeEntityAttachments(Lnet/minecraft/storage/WriteView;Lorg/spongepowered/asm/mixin/injection/callback/CallbackInfo;)V has 0 override(s) in child classes
[17:14:18] [main/DEBUG] (FabricLoader/Mixin) fabric-data-attachment-api-v1.mixins.json:EntityMixin from mod fabric-data-attachment-api-v1->@Inject::writeEntityAttachments(Lnet/minecraft/storage/WriteView;Lorg/spongepowered/asm/mixin/injection/callback/CallbackInfo;)V won't be passed a CallbackInfo as a result
[17:14:19] [main/DEBUG] (FabricLoader/Mixin) notenoughcrashes.mixins.json:MixinEntity from mod notenoughcrashes->@Inject::onPopulateCrashReport(Lnet/minecraft/util/crash/CrashReportSection;Lorg/spongepowered/asm/mixin/injection/callback/CallbackInfo;)V doesn't use it's CallbackInfo
[17:14:19] [main/DEBUG] (FabricLoader/Mixin) notenoughcrashes.mixins.json:MixinEntity from mod notenoughcrashes->@Inject::onPopulateCrashReport(Lnet/minecraft/util/crash/CrashReportSection;Lorg/spongepowered/asm/mixin/injection/callback/CallbackInfo;)V has 0 override(s) in child classes
[17:14:19] [main/DEBUG] (FabricLoader/Mixin) notenoughcrashes.mixins.json:MixinEntity from mod notenoughcrashes->@Inject::onPopulateCrashReport(Lnet/minecraft/util/crash/CrashReportSection;Lorg/spongepowered/asm/mixin/injection/callback/CallbackInfo;)V won't be passed a CallbackInfo as a result
[17:14:19] [main/DEBUG] (FabricLoader/Mixin) Mixing PlayerEntityMixin from fabric-entity-events-v1.mixins.json into net.minecraft.entity.player.PlayerEntity
[17:14:19] [main/DEBUG] (FabricLoader/Mixin) fabric-entity-events-v1.mixins.json:PlayerEntityMixin from mod fabric-entity-events-v1->@Inject::onTrySleep(Lnet/minecraft/util/math/BlockPos;Lorg/spongepowered/asm/mixin/injection/callback/CallbackInfoReturnable;)V does use it's CallbackInfoReturnable
[17:14:19] [main/DEBUG] (FabricLoader/Mixin) fabric-entity-events-v1.mixins.json:PlayerEntityMixin from mod fabric-entity-events-v1->@Inject::onIsSleepingLongEnough(Lorg/spongepowered/asm/mixin/injection/callback/CallbackInfoReturnable;)V does use it's CallbackInfoReturnable
[17:14:19] [main/DEBUG] (FabricLoader/Mixin) Mixing LivingEntityMixin from fabric-particles-v1.mixins.json into net.minecraft.entity.LivingEntity
[17:14:19] [main/DEBUG] (FabricLoader/Mixin) Mixing LivingEntityMixin from fabric-block-api-v1.mixins.json into net.minecraft.entity.LivingEntity
[17:14:19] [main/DEBUG] (FabricLoader/Mixin) Mixing NoItemSlowdownMixin from 12th-client.mixins.json into net.minecraft.entity.LivingEntity
[17:14:19] [main/DEBUG] (FabricLoader/Mixin) Mixing LivingEntityMixin from fabric-item-api-v1.mixins.json into net.minecraft.entity.LivingEntity
[17:14:19] [main/DEBUG] (FabricLoader/Mixin) Mixing LivingEntityMixin from fabric-lifecycle-events-v1.mixins.json into net.minecraft.entity.LivingEntity
[17:14:19] [main/DEBUG] (FabricLoader/Mixin) Mixing LivingEntityMixin from fabric-entity-events-v1.mixins.json into net.minecraft.entity.LivingEntity
[17:14:19] [main/DEBUG] (FabricLoader/Mixin) Mixing elytra.LivingEntityMixin from fabric-entity-events-v1.mixins.json into net.minecraft.entity.LivingEntity
[17:14:19] [main/DEBUG] (FabricLoader/Mixin) fabric-block-api-v1.mixins.json:LivingEntityMixin from mod fabric-block-api-v1->@Inject::allowTaggedBlocksForTrapdoorClimbing(Lnet/minecraft/util/math/BlockPos;Lnet/minecraft/block/BlockState;Lorg/spongepowered/asm/mixin/injection/callback/CallbackInfoReturnable;)V does use it's CallbackInfoReturnable
[17:14:19] [main/DEBUG] (FabricLoader/Mixin) 12th-client.mixins.json:NoItemSlowdownMixin from mod twelfth-client->@Inject::removeUseItemSlowdown(Lorg/spongepowered/asm/mixin/injection/callback/CallbackInfoReturnable;)V does use it's CallbackInfoReturnable
[17:14:19] [main/DEBUG] (FabricLoader/Mixin) 12th-client.mixins.json:NoItemSlowdownMixin from mod twelfth-client->@Inject::removeUseItemSlowdown(Lorg/spongepowered/asm/mixin/injection/callback/CallbackInfoReturnable;)V does use it's CallbackInfoReturnable
[17:14:19] [main/DEBUG] (FabricLoader/Mixin) fabric-item-api-v1.mixins.json:LivingEntityMixin from mod fabric-item-api-v1->@Inject::onGetPreferredEquipmentSlot(Lnet/minecraft/item/ItemStack;Lorg/spongepowered/asm/mixin/injection/callback/CallbackInfoReturnable;)V does use it's CallbackInfoReturnable
[17:14:19] [main/DEBUG] (FabricLoader/Mixin) fabric-lifecycle-events-v1.mixins.json:LivingEntityMixin from mod fabric-lifecycle-events-v1->@Inject::getEquipmentChanges(Lorg/spongepowered/asm/mixin/injection/callback/CallbackInfoReturnable;)V doesn't use it's CallbackInfoReturnable
[17:14:19] [main/DEBUG] (FabricLoader/Mixin) fabric-lifecycle-events-v1.mixins.json:LivingEntityMixin from mod fabric-lifecycle-events-v1->@Inject::getEquipmentChanges(Lorg/spongepowered/asm/mixin/injection/callback/CallbackInfoReturnable;)V has 0 override(s) in child classes
[17:14:19] [main/DEBUG] (FabricLoader/Mixin) fabric-lifecycle-events-v1.mixins.json:LivingEntityMixin from mod fabric-lifecycle-events-v1->@Inject::getEquipmentChanges(Lorg/spongepowered/asm/mixin/injection/callback/CallbackInfoReturnable;)V won't be passed a CallbackInfoReturnable as a result
[17:14:19] [main/DEBUG] (FabricLoader/Mixin) fabric-entity-events-v1.mixins.json:LivingEntityMixin from mod fabric-entity-events-v1->@Inject::notifyDeath(Lnet/minecraft/entity/damage/DamageSource;Lorg/spongepowered/asm/mixin/injection/callback/CallbackInfo;)V doesn't use it's CallbackInfo
[17:14:19] [main/DEBUG] (FabricLoader/Mixin) fabric-entity-events-v1.mixins.json:LivingEntityMixin from mod fabric-entity-events-v1->@Inject::notifyDeath(Lnet/minecraft/entity/damage/DamageSource;Lorg/spongepowered/asm/mixin/injection/callback/CallbackInfo;)V has 0 override(s) in child classes
[17:14:19] [main/DEBUG] (FabricLoader/Mixin) fabric-entity-events-v1.mixins.json:LivingEntityMixin from mod fabric-entity-events-v1->@Inject::notifyDeath(Lnet/minecraft/entity/damage/DamageSource;Lorg/spongepowered/asm/mixin/injection/callback/CallbackInfo;)V won't be passed a CallbackInfo as a result
[17:14:19] [main/DEBUG] (FabricLoader/Mixin) fabric-entity-events-v1.mixins.json:LivingEntityMixin from mod fabric-entity-events-v1->@Inject::beforeDamage(Lnet/minecraft/server/world/ServerWorld;Lnet/minecraft/entity/damage/DamageSource;FLorg/spongepowered/asm/mixin/injection/callback/CallbackInfoReturnable;)V does use it's CallbackInfoReturnable
[17:14:19] [main/DEBUG] (FabricLoader/Mixin) fabric-entity-events-v1.mixins.json:LivingEntityMixin from mod fabric-entity-events-v1->@Inject::afterDamage(Lnet/minecraft/server/world/ServerWorld;Lnet/minecraft/entity/damage/DamageSource;FLorg/spongepowered/asm/mixin/injection/callback/CallbackInfoReturnable;)V doesn't use it's CallbackInfoReturnable
[17:14:19] [main/DEBUG] (FabricLoader/Mixin) fabric-entity-events-v1.mixins.json:LivingEntityMixin from mod fabric-entity-events-v1->@Inject::afterDamage(Lnet/minecraft/server/world/ServerWorld;Lnet/minecraft/entity/damage/DamageSource;FLorg/spongepowered/asm/mixin/injection/callback/CallbackInfoReturnable;)V has 0 override(s) in child classes
[17:14:19] [main/DEBUG] (FabricLoader/Mixin) fabric-entity-events-v1.mixins.json:LivingEntityMixin from mod fabric-entity-events-v1->@Inject::afterDamage(Lnet/minecraft/server/world/ServerWorld;Lnet/minecraft/entity/damage/DamageSource;FLorg/spongepowered/asm/mixin/injection/callback/CallbackInfoReturnable;)V won't be passed a CallbackInfoReturnable as a result
[17:14:19] [main/DEBUG] (FabricLoader/Mixin) fabric-entity-events-v1.mixins.json:LivingEntityMixin from mod fabric-entity-events-v1->@Inject::onSleep(Lnet/minecraft/util/math/BlockPos;Lorg/spongepowered/asm/mixin/injection/callback/CallbackInfo;)V doesn't use it's CallbackInfo
[17:14:19] [main/DEBUG] (FabricLoader/Mixin) fabric-entity-events-v1.mixins.json:LivingEntityMixin from mod fabric-entity-events-v1->@Inject::onSleep(Lnet/minecraft/util/math/BlockPos;Lorg/spongepowered/asm/mixin/injection/callback/CallbackInfo;)V has 0 override(s) in child classes
[17:14:19] [main/DEBUG] (FabricLoader/Mixin) fabric-entity-events-v1.mixins.json:LivingEntityMixin from mod fabric-entity-events-v1->@Inject::onSleep(Lnet/minecraft/util/math/BlockPos;Lorg/spongepowered/asm/mixin/injection/callback/CallbackInfo;)V won't be passed a CallbackInfo as a result
[17:14:19] [main/DEBUG] (FabricLoader/Mixin) fabric-entity-events-v1.mixins.json:LivingEntityMixin from mod fabric-entity-events-v1->@Inject::onWakeUp(Lorg/spongepowered/asm/mixin/injection/callback/CallbackInfo;)V doesn't use it's CallbackInfo
[17:14:19] [main/DEBUG] (FabricLoader/Mixin) fabric-entity-events-v1.mixins.json:LivingEntityMixin from mod fabric-entity-events-v1->@Inject::onWakeUp(Lorg/spongepowered/asm/mixin/injection/callback/CallbackInfo;)V has 0 override(s) in child classes
[17:14:19] [main/DEBUG] (FabricLoader/Mixin) fabric-entity-events-v1.mixins.json:LivingEntityMixin from mod fabric-entity-events-v1->@Inject::onWakeUp(Lorg/spongepowered/asm/mixin/injection/callback/CallbackInfo;)V won't be passed a CallbackInfo as a result
[17:14:19] [main/DEBUG] (FabricLoader/Mixin) fabric-entity-events-v1.mixins.json:LivingEntityMixin from mod fabric-entity-events-v1->@Inject::onIsSleepingInBed(Lnet/minecraft/util/math/BlockPos;Lorg/spongepowered/asm/mixin/injection/callback/CallbackInfoReturnable;)V does use it's CallbackInfoReturnable
[17:14:19] [main/DEBUG] (FabricLoader/Mixin) fabric-entity-events-v1.mixins.json:elytra.LivingEntityMixin from mod fabric-entity-events-v1->@Inject::injectElytraTick(Lorg/spongepowered/asm/mixin/injection/callback/CallbackInfo;)V does use it's CallbackInfo
[17:14:19] [main/DEBUG] (FabricLoader/Mixin) fabric-entity-events-v1.mixins.json:elytra.LivingEntityMixin from mod fabric-entity-events-v1->@Inject::injectElytraCheck(Lorg/spongepowered/asm/mixin/injection/callback/CallbackInfoReturnable;)V does use it's CallbackInfoReturnable
[17:14:19] [main/DEBUG] (FabricLoader/Mixin) Mixing BlockStateMixin from fabric-block-api-v1.mixins.json into net.minecraft.block.BlockState
[17:14:19] [main/DEBUG] (FabricLoader/Mixin) Mixing AbstractBlockStateMixin from 12th-client.mixins.json into net.minecraft.block.AbstractBlock$AbstractBlockState
[17:14:19] [main/DEBUG] (FabricLoader/Mixin) Mixing AbstractBlockAbstractBlockStateMixin from fabric-content-registries-v0.mixins.json into net.minecraft.block.AbstractBlock$AbstractBlockState
[17:14:19] [main/DEBUG] (FabricLoader/Mixin) 12th-client.mixins.json:AbstractBlockStateMixin from mod twelfth-client->@Inject::onGetLuminance(Lorg/spongepowered/asm/mixin/injection/callback/CallbackInfoReturnable;)V does use it's CallbackInfoReturnable
[17:14:19] [main/DEBUG] (FabricLoader/Mixin) Mixing WorldViewMixin from fabric-block-view-api-v2.mixins.json into net.minecraft.world.WorldView
[17:14:19] [main/DEBUG] (FabricLoader/Mixin) Mixing WorldMixin from fabric-lifecycle-events-v1.mixins.json into net.minecraft.world.World
[17:14:19] [main/DEBUG] (FabricLoader/Mixin) Mixing AttachmentTargetsMixin from fabric-data-attachment-api-v1.mixins.json into net.minecraft.world.World
[17:14:19] [main/DEBUG] (FabricLoader/Mixin) Mixing WorldMixin from fabric-data-attachment-api-v1.mixins.json into net.minecraft.world.World
[17:14:19] [main/DEBUG] (FabricLoader/Mixin) Mixing ServerWorldMixin from fabric-lifecycle-events-v1.mixins.json into net.minecraft.server.world.ServerWorld
[17:14:19] [main/DEBUG] (FabricLoader/Mixin) Mixing ServerWorldMixin from fabric-data-attachment-api-v1.mixins.json into net.minecraft.server.world.ServerWorld
[17:14:19] [main/DEBUG] (FabricLoader/Mixin) Renaming synthetic method lambda$fabric_syncChange$1(Lnet/fabricmc/fabric/api/attachment/v1/AttachmentType;Lnet/fabricmc/fabric/impl/attachment/sync/AttachmentChange;Lnet/minecraft/server/network/ServerPlayerEntity;)V to md5eac00$fabric-data-attachment-api-v1$lambda$fabric_syncChange$1$0 in fabric-data-attachment-api-v1.mixins.json:ServerWorldMixin from mod fabric-data-attachment-api-v1
[17:14:19] [main/DEBUG] (FabricLoader/Mixin) Renaming synthetic method lambda$createAttachmentsPersistentState$0(Lnet/minecraft/server/world/ServerWorld;)Lnet/fabricmc/fabric/impl/attachment/AttachmentPersistentState; to md5eac00$fabric-data-attachment-api-v1$lambda$createAttachmentsPersistentState$0$1 in fabric-data-attachment-api-v1.mixins.json:ServerWorldMixin from mod fabric-data-attachment-api-v1
[17:14:19] [main/DEBUG] (FabricLoader/Mixin) Mixing ServerWorldMixin from fabric-api-lookup-api-v1.mixins.json into net.minecraft.server.world.ServerWorld
[17:14:19] [main/DEBUG] (FabricLoader/Mixin) Renaming synthetic method lambda$fabric_invalidateCache$5(Ljava/util/Map$Entry;)Z to md5eac00$fabric-api-lookup-api-v1$lambda$fabric_invalidateCache$5$2 in fabric-api-lookup-api-v1.mixins.json:ServerWorldMixin from mod fabric-api-lookup-api-v1
[17:14:19] [main/DEBUG] (FabricLoader/Mixin) Renaming synthetic method lambda$fabric_invalidateCache$4(Ljava/lang/ref/WeakReference;)Z to md5eac00$fabric-api-lookup-api-v1$lambda$fabric_invalidateCache$4$3 in fabric-api-lookup-api-v1.mixins.json:ServerWorldMixin from mod fabric-api-lookup-api-v1
[17:14:19] [main/DEBUG] (FabricLoader/Mixin) Renaming synthetic method lambda$fabric_invalidateCache$3(Ljava/lang/ref/WeakReference;)V to md5eac00$fabric-api-lookup-api-v1$lambda$fabric_invalidateCache$3$4 in fabric-api-lookup-api-v1.mixins.json:ServerWorldMixin from mod fabric-api-lookup-api-v1
[17:14:19] [main/DEBUG] (FabricLoader/Mixin) Renaming synthetic method lambda$fabric_invalidateCache$2(Ljava/lang/ref/WeakReference;)Z to md5eac00$fabric-api-lookup-api-v1$lambda$fabric_invalidateCache$2$5 in fabric-api-lookup-api-v1.mixins.json:ServerWorldMixin from mod fabric-api-lookup-api-v1
[17:14:19] [main/DEBUG] (FabricLoader/Mixin) Renaming synthetic method lambda$fabric_registerCache$1(Ljava/lang/ref/WeakReference;)Z to md5eac00$fabric-api-lookup-api-v1$lambda$fabric_registerCache$1$6 in fabric-api-lookup-api-v1.mixins.json:ServerWorldMixin from mod fabric-api-lookup-api-v1
[17:14:19] [main/DEBUG] (FabricLoader/Mixin) Renaming synthetic method lambda$fabric_registerCache$0(Lnet/minecraft/util/math/BlockPos;)Ljava/util/List; to md5eac00$fabric-api-lookup-api-v1$lambda$fabric_registerCache$0$7 in fabric-api-lookup-api-v1.mixins.json:ServerWorldMixin from mod fabric-api-lookup-api-v1
[17:14:19] [main/DEBUG] (FabricLoader/Mixin) fabric-lifecycle-events-v1.mixins.json:ServerWorldMixin from mod fabric-lifecycle-events-v1->@Inject::startWorldTick(Ljava/util/function/BooleanSupplier;Lorg/spongepowered/asm/mixin/injection/callback/CallbackInfo;)V doesn't use it's CallbackInfo
[17:14:19] [main/DEBUG] (FabricLoader/Mixin) fabric-lifecycle-events-v1.mixins.json:ServerWorldMixin from mod fabric-lifecycle-events-v1->@Inject::startWorldTick(Ljava/util/function/BooleanSupplier;Lorg/spongepowered/asm/mixin/injection/callback/CallbackInfo;)V has 0 override(s) in child classes
[17:14:19] [main/DEBUG] (FabricLoader/Mixin) fabric-lifecycle-events-v1.mixins.json:ServerWorldMixin from mod fabric-lifecycle-events-v1->@Inject::startWorldTick(Ljava/util/function/BooleanSupplier;Lorg/spongepowered/asm/mixin/injection/callback/CallbackInfo;)V won't be passed a CallbackInfo as a result
[17:14:19] [main/DEBUG] (FabricLoader/Mixin) fabric-lifecycle-events-v1.mixins.json:ServerWorldMixin from mod fabric-lifecycle-events-v1->@Inject::endWorldTick(Ljava/util/function/BooleanSupplier;Lorg/spongepowered/asm/mixin/injection/callback/CallbackInfo;)V doesn't use it's CallbackInfo
[17:14:19] [main/DEBUG] (FabricLoader/Mixin) fabric-lifecycle-events-v1.mixins.json:ServerWorldMixin from mod fabric-lifecycle-events-v1->@Inject::endWorldTick(Ljava/util/function/BooleanSupplier;Lorg/spongepowered/asm/mixin/injection/callback/CallbackInfo;)V has 0 override(s) in child classes
[17:14:19] [main/DEBUG] (FabricLoader/Mixin) fabric-lifecycle-events-v1.mixins.json:ServerWorldMixin from mod fabric-lifecycle-events-v1->@Inject::endWorldTick(Ljava/util/function/BooleanSupplier;Lorg/spongepowered/asm/mixin/injection/callback/CallbackInfo;)V won't be passed a CallbackInfo as a result
[17:14:19] [main/DEBUG] (FabricLoader/Mixin) fabric-data-attachment-api-v1.mixins.json:ServerWorldMixin from mod fabric-data-attachment-api-v1->@Inject::createAttachmentsPersistentState(Lorg/spongepowered/asm/mixin/injection/callback/CallbackInfo;)V doesn't use it's CallbackInfo
[17:14:19] [main/DEBUG] (FabricLoader/Mixin) fabric-data-attachment-api-v1.mixins.json:ServerWorldMixin from mod fabric-data-attachment-api-v1->@Inject::createAttachmentsPersistentState(Lorg/spongepowered/asm/mixin/injection/callback/CallbackInfo;)V has 0 override(s) in child classes
[17:14:19] [main/DEBUG] (FabricLoader/Mixin) fabric-data-attachment-api-v1.mixins.json:ServerWorldMixin from mod fabric-data-attachment-api-v1->@Inject::createAttachmentsPersistentState(Lorg/spongepowered/asm/mixin/injection/callback/CallbackInfo;)V won't be passed a CallbackInfo as a result
[17:14:19] [main/DEBUG] (FabricLoader/Mixin) Mixing ItemEntityMixin from 12th-client.mixins.json into net.minecraft.entity.ItemEntity
[17:14:19] [main/DEBUG] (FabricLoader/Mixin) 12th-client.mixins.json:ItemEntityMixin from mod twelfth-client->@Inject::onTick(Lorg/spongepowered/asm/mixin/injection/callback/CallbackInfo;)V doesn't use it's CallbackInfo
[17:14:19] [main/DEBUG] (FabricLoader/Mixin) 12th-client.mixins.json:ItemEntityMixin from mod twelfth-client->@Inject::onTick(Lorg/spongepowered/asm/mixin/injection/callback/CallbackInfo;)V has 0 override(s) in child classes
[17:14:19] [main/DEBUG] (FabricLoader/Mixin) 12th-client.mixins.json:ItemEntityMixin from mod twelfth-client->@Inject::onTick(Lorg/spongepowered/asm/mixin/injection/callback/CallbackInfo;)V won't be passed a CallbackInfo as a result
[17:14:19] [main/DEBUG] (FabricLoader/Mixin) Mixing IdListMixin from fabric-registry-sync-v0.mixins.json into net.minecraft.util.collection.IdList
[17:14:19] [main/DEBUG] (FabricLoader/Mixin) Renaming synthetic method lambda$fabric_remapIds$0(Lit/unimi/dsi/fastutil/ints/Int2IntMap;Ljava/lang/Object;Ljava/lang/Integer;)Ljava/lang/Integer; to md5eac00$fabric-registry-sync-v0$lambda$fabric_remapIds$0$0 in fabric-registry-sync-v0.mixins.json:IdListMixin from mod fabric-registry-sync-v0
[17:14:19] [main/DEBUG] (FabricLoader/Mixin) Mixing RegistryByteBufMixin from fabric-networking-api-v1.mixins.json into net.minecraft.network.RegistryByteBuf
[17:14:19] [main/DEBUG] (FabricLoader/Mixin) Mixing BlocksMixin from fabric-registry-sync-v0.mixins.json into net.minecraft.block.Blocks
[17:14:19] [main/DEBUG] (FabricLoader/Mixin) Renaming synthetic method lambda$initShapeCache$0(ILnet/minecraft/util/Identifier;Lnet/minecraft/block/Block;)V to md5eac00$fabric-registry-sync-v0$lambda$initShapeCache$0$0 in fabric-registry-sync-v0.mixins.json:BlocksMixin from mod fabric-registry-sync-v0
[17:14:19] [main/DEBUG] (FabricLoader/Mixin) fabric-registry-sync-v0.mixins.json:BlocksMixin from mod fabric-registry-sync-v0->@Inject::initShapeCache(Lorg/spongepowered/asm/mixin/injection/callback/CallbackInfo;)V doesn't use it's CallbackInfo
[17:14:19] [main/DEBUG] (FabricLoader/Mixin) Mixing OxidizableMixin from fabric-content-registries-v0.mixins.json into net.minecraft.block.Oxidizable
[17:14:19] [main/DEBUG] (FabricLoader/Mixin) fabric-content-registries-v0.mixins.json:OxidizableMixin from mod fabric-content-registries-v0->@Inject::createOxidationLevelIncreasesMap(Lorg/spongepowered/asm/mixin/injection/callback/CallbackInfoReturnable;)V does use it's CallbackInfoReturnable
[17:14:19] [main/DEBUG] (FabricLoader/Mixin) Mixing EntityTypeMixin from fabric-object-builder-v1.mixins.json into net.minecraft.entity.EntityType
[17:14:19] [main/DEBUG] (FabricLoader/Mixin) fabric-object-builder-v1.mixins.json:EntityTypeMixin from mod fabric-object-builder-api-v1->@Inject::onAlwaysUpdateVelocity(Lorg/spongepowered/asm/mixin/injection/callback/CallbackInfoReturnable;)V does use it's CallbackInfoReturnable
[17:14:19] [main/DEBUG] (FabricLoader/Mixin) fabric-object-builder-v1.mixins.json:EntityTypeMixin from mod fabric-object-builder-api-v1->@Inject::onCanPotentiallyExecuteCommands(Lorg/spongepowered/asm/mixin/injection/callback/CallbackInfoReturnable;)V does use it's CallbackInfoReturnable
[17:14:19] [main/DEBUG] (FabricLoader/Mixin) Mixing FluidMixin from fabric-transfer-api-v1.mixins.json into net.minecraft.fluid.Fluid
[17:14:19] [main/DEBUG] (FabricLoader/Mixin) fabric-transfer-api-v1.mixins.json:FluidMixin from mod fabric-transfer-api-v1->@Inject::hookGetBucketFillSound(Lorg/spongepowered/asm/mixin/injection/callback/CallbackInfoReturnable;)V does use it's CallbackInfoReturnable
[17:14:19] [main/DEBUG] (FabricLoader/Mixin) Mixing ComponentMapBuilderMixin from fabric-item-api-v1.mixins.json into net.minecraft.component.ComponentMap$Builder
[17:14:19] [main/DEBUG] (FabricLoader/Mixin) Mixing BlockEntityMixin from fabric-block-view-api-v2.mixins.json into net.minecraft.block.entity.BlockEntity
[17:14:19] [main/DEBUG] (FabricLoader/Mixin) Mixing ui.access.BlockEntityAccessor from owo.mixins.json into net.minecraft.block.entity.BlockEntity
[17:14:19] [main/DEBUG] (FabricLoader/Mixin) owo.mixins.json:ui.access.BlockEntityAccessor from mod owo: Class version 65 required is higher than the class version supported by the current version of Mixin (JAVA_16 supports class version 60)
[17:14:19] [main/DEBUG] (FabricLoader/Mixin) Mixing AttachmentTargetsMixin from fabric-data-attachment-api-v1.mixins.json into net.minecraft.block.entity.BlockEntity
[17:14:19] [main/DEBUG] (FabricLoader/Mixin) Mixing BlockEntityMixin from fabric-data-attachment-api-v1.mixins.json into net.minecraft.block.entity.BlockEntity
[17:14:19] [main/DEBUG] (FabricLoader/Mixin) Renaming synthetic method lambda$fabric_syncChange$0(Lnet/fabricmc/fabric/api/attachment/v1/AttachmentType;Lnet/fabricmc/fabric/impl/attachment/sync/AttachmentChange;Lnet/minecraft/server/network/ServerPlayerEntity;)V to md5eac00$fabric-data-attachment-api-v1$lambda$fabric_syncChange$0$0 in fabric-data-attachment-api-v1.mixins.json:BlockEntityMixin from mod fabric-data-attachment-api-v1
[17:14:19] [main/DEBUG] (FabricLoader/Mixin) Mixing MixinTileEntity from notenoughcrashes.mixins.json into net.minecraft.block.entity.BlockEntity
[17:14:19] [main/DEBUG] (FabricLoader/Mixin) Renaming synthetic method lambda$onPopulateCrashReport$0(Lnet/minecraft/block/entity/BlockEntity;Lnet/minecraft/world/World;)Ljava/lang/String; to md5eac00$notenoughcrashes$lambda$onPopulateCrashReport$0$1 in notenoughcrashes.mixins.json:MixinTileEntity from mod notenoughcrashes
[17:14:19] [main/DEBUG] (FabricLoader/Mixin) fabric-data-attachment-api-v1.mixins.json:BlockEntityMixin from mod fabric-data-attachment-api-v1->@Inject::readBlockEntityAttachments(Lnet/minecraft/storage/ReadView;Lorg/spongepowered/asm/mixin/injection/callback/CallbackInfo;)V doesn't use it's CallbackInfo
[17:14:19] [main/DEBUG] (FabricLoader/Mixin) fabric-data-attachment-api-v1.mixins.json:BlockEntityMixin from mod fabric-data-attachment-api-v1->@Inject::readBlockEntityAttachments(Lnet/minecraft/storage/ReadView;Lorg/spongepowered/asm/mixin/injection/callback/CallbackInfo;)V has 0 override(s) in child classes
[17:14:19] [main/DEBUG] (FabricLoader/Mixin) fabric-data-attachment-api-v1.mixins.json:BlockEntityMixin from mod fabric-data-attachment-api-v1->@Inject::readBlockEntityAttachments(Lnet/minecraft/storage/ReadView;Lorg/spongepowered/asm/mixin/injection/callback/CallbackInfo;)V won't be passed a CallbackInfo as a result
[17:14:19] [main/DEBUG] (FabricLoader/Mixin) fabric-data-attachment-api-v1.mixins.json:BlockEntityMixin from mod fabric-data-attachment-api-v1->@Inject::writeBlockEntityAttachments(Lnet/minecraft/storage/WriteView;Lorg/spongepowered/asm/mixin/injection/callback/CallbackInfo;)V doesn't use it's CallbackInfo
[17:14:19] [main/DEBUG] (FabricLoader/Mixin) fabric-data-attachment-api-v1.mixins.json:BlockEntityMixin from mod fabric-data-attachment-api-v1->@Inject::writeBlockEntityAttachments(Lnet/minecraft/storage/WriteView;Lorg/spongepowered/asm/mixin/injection/callback/CallbackInfo;)V has 0 override(s) in child classes
[17:14:19] [main/DEBUG] (FabricLoader/Mixin) fabric-data-attachment-api-v1.mixins.json:BlockEntityMixin from mod fabric-data-attachment-api-v1->@Inject::writeBlockEntityAttachments(Lnet/minecraft/storage/WriteView;Lorg/spongepowered/asm/mixin/injection/callback/CallbackInfo;)V won't be passed a CallbackInfo as a result
[17:14:19] [main/DEBUG] (FabricLoader/Mixin) notenoughcrashes.mixins.json:MixinTileEntity from mod notenoughcrashes->@Inject::onPopulateCrashReport(Lnet/minecraft/util/crash/CrashReportSection;Lorg/spongepowered/asm/mixin/injection/callback/CallbackInfo;)V doesn't use it's CallbackInfo
[17:14:19] [main/DEBUG] (FabricLoader/Mixin) notenoughcrashes.mixins.json:MixinTileEntity from mod notenoughcrashes->@Inject::onPopulateCrashReport(Lnet/minecraft/util/crash/CrashReportSection;Lorg/spongepowered/asm/mixin/injection/callback/CallbackInfo;)V has 0 override(s) in child classes
[17:14:19] [main/DEBUG] (FabricLoader/Mixin) notenoughcrashes.mixins.json:MixinTileEntity from mod notenoughcrashes->@Inject::onPopulateCrashReport(Lnet/minecraft/util/crash/CrashReportSection;Lorg/spongepowered/asm/mixin/injection/callback/CallbackInfo;)V won't be passed a CallbackInfo as a result
[17:14:19] [main/DEBUG] (FabricLoader/Mixin) Mixing BlockStateParticleEffectMixin from fabric-particles-v1.mixins.json into net.minecraft.particle.BlockStateParticleEffect
[17:14:19] [main/DEBUG] (FabricLoader/Mixin) Mixing LockableContainerBlockEntityMixin from fabric-transfer-api-v1.mixins.json into net.minecraft.block.entity.LockableContainerBlockEntity
[17:14:19] [main/DEBUG] (FabricLoader/Mixin) Mixing NamedScreenHandlerFactoryMixin from fabric-screen-handler-api-v1.mixins.json into net.minecraft.screen.NamedScreenHandlerFactory
[17:14:19] [main/DEBUG] (FabricLoader/Mixin) Mixing DetectorRailBlockMixin from fabric-object-builder-v1.mixins.json into net.minecraft.block.DetectorRailBlock
[17:14:19] [main/DEBUG] (FabricLoader/Mixin) Renaming synthetic method lambda$getCustomComparatorOutput$0(Lnet/minecraft/entity/Entity;)Z to md5eac00$fabric-object-builder-api-v1$lambda$getCustomComparatorOutput$0$0 in fabric-object-builder-v1.mixins.json:DetectorRailBlockMixin from mod fabric-object-builder-api-v1
[17:14:19] [main/DEBUG] (FabricLoader/Mixin) fabric-object-builder-v1.mixins.json:DetectorRailBlockMixin from mod fabric-object-builder-api-v1->@Inject::getCustomComparatorOutput(Lnet/minecraft/block/BlockState;Lnet/minecraft/world/World;Lnet/minecraft/util/math/BlockPos;Lnet/minecraft/util/math/Direction;Lorg/spongepowered/asm/mixin/injection/callback/CallbackInfoReturnable;)V does use it's CallbackInfoReturnable
[17:14:19] [main/DEBUG] (FabricLoader/Mixin) Mixing CobwebCollisionMixin from 12th-client.mixins.json into net.minecraft.block.CobwebBlock
[17:14:19] [main/DEBUG] (FabricLoader/Mixin) 12th-client.mixins.json:CobwebCollisionMixin from mod twelfth-client->@Inject::stopWebSlowdown(Lnet/minecraft/block/BlockState;Lnet/minecraft/world/World;Lnet/minecraft/util/math/BlockPos;Lnet/minecraft/entity/Entity;Lnet/minecraft/entity/EntityCollisionHandler;ZLorg/spongepowered/asm/mixin/injection/callback/CallbackInfo;)V does use it's CallbackInfo
[17:14:20] [main/DEBUG] (FabricLoader/Mixin) Mixing MobEntityMixin from fabric-entity-events-v1.mixins.json into net.minecraft.entity.mob.MobEntity
[17:14:20] [main/DEBUG] (FabricLoader/Mixin) Mixing ChiseledBookshelfBlockEntityMixin from fabric-transfer-api-v1.mixins.json into net.minecraft.block.entity.ChiseledBookshelfBlockEntity
[17:14:20] [main/DEBUG] (FabricLoader/Mixin) fabric-transfer-api-v1.mixins.json:ChiseledBookshelfBlockEntityMixin from mod fabric-transfer-api-v1->@Inject::setStackBypass(ILnet/minecraft/item/ItemStack;Lorg/spongepowered/asm/mixin/injection/callback/CallbackInfo;)V does use it's CallbackInfo
[17:14:20] [main/DEBUG] (FabricLoader/Mixin) Mixing ListInventoryMixin from fabric-transfer-api-v1.mixins.json into net.minecraft.inventory.ListInventory
[17:14:20] [main/DEBUG] (FabricLoader/Mixin) Mixing ShelfBlockEntityMixin from fabric-transfer-api-v1.mixins.json into net.minecraft.block.entity.ShelfBlockEntity
[17:14:20] [main/DEBUG] (FabricLoader/Mixin) Mixing BlockEntityTypeMixin from fabric-object-builder-v1.mixins.json into net.minecraft.block.entity.BlockEntityType
[17:14:20] [main/DEBUG] (FabricLoader/Mixin) Mixing BlockEntityTypeAccessor from fabric-api-lookup-api-v1.mixins.json into net.minecraft.block.entity.BlockEntityType
[17:14:20] [main/DEBUG] (FabricLoader/Mixin) fabric-object-builder-v1.mixins.json:BlockEntityTypeMixin from mod fabric-object-builder-api-v1->@Inject::mutableBlocks(Lnet/minecraft/block/entity/BlockEntityType$BlockEntityFactory;Ljava/util/Set;Lorg/spongepowered/asm/mixin/injection/callback/CallbackInfo;)V doesn't use it's CallbackInfo
[17:14:20] [main/DEBUG] (FabricLoader/Mixin) fabric-object-builder-v1.mixins.json:BlockEntityTypeMixin from mod fabric-object-builder-api-v1->@Inject::mutableBlocks(Lnet/minecraft/block/entity/BlockEntityType$BlockEntityFactory;Ljava/util/Set;Lorg/spongepowered/asm/mixin/injection/callback/CallbackInfo;)V has 0 override(s) in child classes
[17:14:20] [main/DEBUG] (FabricLoader/Mixin) fabric-object-builder-v1.mixins.json:BlockEntityTypeMixin from mod fabric-object-builder-api-v1->@Inject::mutableBlocks(Lnet/minecraft/block/entity/BlockEntityType$BlockEntityFactory;Ljava/util/Set;Lorg/spongepowered/asm/mixin/injection/callback/CallbackInfo;)V won't be passed a CallbackInfo as a result
[17:14:20] [main/DEBUG] (FabricLoader/Mixin) Mixing ScreenHandlerInvoker from owo.mixins.json into net.minecraft.screen.ScreenHandler
[17:14:20] [main/DEBUG] (FabricLoader/Mixin) owo.mixins.json:ScreenHandlerInvoker from mod owo: Class version 65 required is higher than the class version supported by the current version of Mixin (JAVA_16 supports class version 60)
[17:14:20] [main/DEBUG] (FabricLoader/Mixin) Mixing ScreenHandlerMixin from owo.mixins.json into net.minecraft.screen.ScreenHandler
[17:14:20] [main/DEBUG] (FabricLoader/Mixin) owo.mixins.json:ScreenHandlerMixin from mod owo: Class version 65 required is higher than the class version supported by the current version of Mixin (JAVA_16 supports class version 60)
[17:14:20] [main/DEBUG] (FabricLoader/Mixin) owo.mixins.json:ScreenHandlerMixin from mod owo->@Inject::createReflectiveBuilder(Lnet/minecraft/screen/ScreenHandlerType;ILorg/spongepowered/asm/mixin/injection/callback/CallbackInfo;)V doesn't use it's CallbackInfo
[17:14:20] [main/DEBUG] (FabricLoader/Mixin) owo.mixins.json:ScreenHandlerMixin from mod owo->@Inject::createReflectiveBuilder(Lnet/minecraft/screen/ScreenHandlerType;ILorg/spongepowered/asm/mixin/injection/callback/CallbackInfo;)V has 0 override(s) in child classes
[17:14:20] [main/DEBUG] (FabricLoader/Mixin) owo.mixins.json:ScreenHandlerMixin from mod owo->@Inject::createReflectiveBuilder(Lnet/minecraft/screen/ScreenHandlerType;ILorg/spongepowered/asm/mixin/injection/callback/CallbackInfo;)V won't be passed a CallbackInfo as a result
[17:14:20] [main/DEBUG] (FabricLoader/Mixin) owo.mixins.json:ScreenHandlerMixin from mod owo->@Inject::syncOnSyncState(Lorg/spongepowered/asm/mixin/injection/callback/CallbackInfo;)V doesn't use it's CallbackInfo
[17:14:20] [main/DEBUG] (FabricLoader/Mixin) owo.mixins.json:ScreenHandlerMixin from mod owo->@Inject::syncOnSyncState(Lorg/spongepowered/asm/mixin/injection/callback/CallbackInfo;)V has 0 override(s) in child classes
[17:14:20] [main/DEBUG] (FabricLoader/Mixin) owo.mixins.json:ScreenHandlerMixin from mod owo->@Inject::syncOnSyncState(Lorg/spongepowered/asm/mixin/injection/callback/CallbackInfo;)V won't be passed a CallbackInfo as a result
[17:14:20] [main/DEBUG] (FabricLoader/Mixin) owo.mixins.json:ScreenHandlerMixin from mod owo->@Inject::syncOnSendContentUpdates(Lorg/spongepowered/asm/mixin/injection/callback/CallbackInfo;)V doesn't use it's CallbackInfo
[17:14:20] [main/DEBUG] (FabricLoader/Mixin) owo.mixins.json:ScreenHandlerMixin from mod owo->@Inject::syncOnSendContentUpdates(Lorg/spongepowered/asm/mixin/injection/callback/CallbackInfo;)V has 0 override(s) in child classes
[17:14:20] [main/DEBUG] (FabricLoader/Mixin) owo.mixins.json:ScreenHandlerMixin from mod owo->@Inject::syncOnSendContentUpdates(Lorg/spongepowered/asm/mixin/injection/callback/CallbackInfo;)V won't be passed a CallbackInfo as a result
[17:14:20] [main/DEBUG] (FabricLoader/Mixin) Mixing AbstractFurnaceBlockEntityMixin from fabric-item-api-v1.mixins.json into net.minecraft.block.entity.AbstractFurnaceBlockEntity
[17:14:20] [main/DEBUG] (FabricLoader/Mixin) Mixing AbstractFurnaceBlockEntityMixin from fabric-transfer-api-v1.mixins.json into net.minecraft.block.entity.AbstractFurnaceBlockEntity
[17:14:20] [main/DEBUG] (FabricLoader/Mixin) fabric-item-api-v1.mixins.json:AbstractFurnaceBlockEntityMixin from mod fabric-item-api-v1->@Inject::getStackRemainder(Lnet/minecraft/server/world/ServerWorld;Lnet/minecraft/util/math/BlockPos;Lnet/minecraft/block/BlockState;Lnet/minecraft/block/entity/AbstractFurnaceBlockEntity;Lorg/spongepowered/asm/mixin/injection/callback/CallbackInfo;)V doesn't use it's CallbackInfo
[17:14:20] [main/DEBUG] (FabricLoader/Mixin) fabric-transfer-api-v1.mixins.json:AbstractFurnaceBlockEntityMixin from mod fabric-transfer-api-v1->@Inject::setStackSuppressUpdate(ILnet/minecraft/item/ItemStack;Lorg/spongepowered/asm/mixin/injection/callback/CallbackInfo;)V does use it's CallbackInfo
[17:14:20] [main/DEBUG] (FabricLoader/Mixin) Mixing WoodTypeMixin from fabric-object-builder-v1.client.mixins.json into net.minecraft.block.WoodType
[17:14:20] [main/DEBUG] (FabricLoader/Mixin) fabric-object-builder-v1.client.mixins.json:WoodTypeMixin from mod fabric-object-builder-api-v1->@Inject::onReturnRegister(Lnet/minecraft/block/WoodType;Lorg/spongepowered/asm/mixin/injection/callback/CallbackInfoReturnable;)V doesn't use it's CallbackInfoReturnable
[17:14:20] [main/DEBUG] (FabricLoader/Mixin) Mixing ProjectileTrailMixin from 12th-client.mixins.json into net.minecraft.entity.projectile.PersistentProjectileEntity
[17:14:20] [main/DEBUG] (FabricLoader/Mixin) Mixing ProjectileDing from 12th-client.mixins.json into net.minecraft.entity.projectile.PersistentProjectileEntity
[17:14:20] [main/DEBUG] (FabricLoader/Mixin) 12th-client.mixins.json:ProjectileTrailMixin from mod twelfth-client->@Inject::spawnArrowTrail(Lorg/spongepowered/asm/mixin/injection/callback/CallbackInfo;)V doesn't use it's CallbackInfo
[17:14:20] [main/DEBUG] (FabricLoader/Mixin) 12th-client.mixins.json:ProjectileTrailMixin from mod twelfth-client->@Inject::spawnArrowTrail(Lorg/spongepowered/asm/mixin/injection/callback/CallbackInfo;)V has 0 override(s) in child classes
[17:14:20] [main/DEBUG] (FabricLoader/Mixin) 12th-client.mixins.json:ProjectileTrailMixin from mod twelfth-client->@Inject::spawnArrowTrail(Lorg/spongepowered/asm/mixin/injection/callback/CallbackInfo;)V won't be passed a CallbackInfo as a result
[17:14:20] [main/DEBUG] (FabricLoader/Mixin) 12th-client.mixins.json:ProjectileDing from mod twelfth-client->@Inject::onArrowHitEntity(Lnet/minecraft/util/hit/EntityHitResult;Lorg/spongepowered/asm/mixin/injection/callback/CallbackInfo;)V doesn't use it's CallbackInfo
[17:14:20] [main/DEBUG] (FabricLoader/Mixin) 12th-client.mixins.json:ProjectileDing from mod twelfth-client->@Inject::onArrowHitEntity(Lnet/minecraft/util/hit/EntityHitResult;Lorg/spongepowered/asm/mixin/injection/callback/CallbackInfo;)V has 0 override(s) in child classes
[17:14:20] [main/DEBUG] (FabricLoader/Mixin) 12th-client.mixins.json:ProjectileDing from mod twelfth-client->@Inject::onArrowHitEntity(Lnet/minecraft/util/hit/EntityHitResult;Lorg/spongepowered/asm/mixin/injection/callback/CallbackInfo;)V won't be passed a CallbackInfo as a result
[17:14:20] [main/DEBUG] (FabricLoader/Mixin) Mixing JukeboxBlockEntityMixin from fabric-transfer-api-v1.mixins.json into net.minecraft.block.entity.JukeboxBlockEntity
[17:14:20] [main/DEBUG] (FabricLoader/Mixin) fabric-transfer-api-v1.mixins.json:JukeboxBlockEntityMixin from mod fabric-transfer-api-v1->@Inject::setStackBypass(Lnet/minecraft/item/ItemStack;Lorg/spongepowered/asm/mixin/injection/callback/CallbackInfo;)V does use it's CallbackInfo
[17:14:20] [main/DEBUG] (FabricLoader/Mixin) Mixing BrewingStandBlockEntityMixin from fabric-item-api-v1.mixins.json into net.minecraft.block.entity.BrewingStandBlockEntity
[17:14:20] [main/DEBUG] (FabricLoader/Mixin) fabric-item-api-v1.mixins.json:BrewingStandBlockEntityMixin from mod fabric-item-api-v1->@Inject::captureItemStack(Lnet/minecraft/world/World;Lnet/minecraft/util/math/BlockPos;Lnet/minecraft/util/collection/DefaultedList;Lorg/spongepowered/asm/mixin/injection/callback/CallbackInfo;)V doesn't use it's CallbackInfo
[17:14:20] [main/DEBUG] (FabricLoader/Mixin) Mixing ItemStackMixin from 12th-client.mixins.json into net.minecraft.item.ItemStack
[17:14:20] [main/DEBUG] (FabricLoader/Mixin) Mixing ext.ItemStackMixin from owo.mixins.json into net.minecraft.item.ItemStack
[17:14:20] [main/DEBUG] (FabricLoader/Mixin) owo.mixins.json:ext.ItemStackMixin from mod owo: Class version 65 required is higher than the class version supported by the current version of Mixin (JAVA_16 supports class version 60)
[17:14:20] [main/DEBUG] (FabricLoader/Mixin) Mixing ItemStackMixin from fabric-item-api-v1.mixins.json into net.minecraft.item.ItemStack
[17:14:20] [main/DEBUG] (FabricLoader/Mixin) Renaming synthetic method lambda$hookDamage$0(Lorg/apache/commons/lang3/mutable/MutableBoolean;Ljava/util/function/Consumer;)V to md5eac00$fabric-item-api-v1$lambda$hookDamage$0$0 in fabric-item-api-v1.mixins.json:ItemStackMixin from mod fabric-item-api-v1
[17:14:20] [main/DEBUG] (FabricLoader/Mixin) Mixing ItemStackMixin from fabric-item-api-v1.client.mixins.json into net.minecraft.item.ItemStack
[17:14:20] [main/DEBUG] (FabricLoader/Mixin) 12th-client.mixins.json:ItemStackMixin from mod twelfth-client->@Inject::addHexToTooltip(Lnet/minecraft/item/Item$TooltipContext;Lnet/minecraft/entity/player/PlayerEntity;Lnet/minecraft/item/tooltip/TooltipType;Lorg/spongepowered/asm/mixin/injection/callback/CallbackInfoReturnable;)V does use it's CallbackInfoReturnable
[17:14:20] [main/DEBUG] (FabricLoader/Mixin) 12th-client.mixins.json:ItemStackMixin from mod twelfth-client->@Inject::addHexToTooltip(Lnet/minecraft/item/Item$TooltipContext;Lnet/minecraft/entity/player/PlayerEntity;Lnet/minecraft/item/tooltip/TooltipType;Lorg/spongepowered/asm/mixin/injection/callback/CallbackInfoReturnable;)V does use it's CallbackInfoReturnable
[17:14:20] [main/DEBUG] (FabricLoader/Mixin) owo.mixins.json:ext.ItemStackMixin from mod owo->@Inject::injectDerivedComponentMap(Lnet/minecraft/item/ItemConvertible;ILnet/minecraft/component/MergedComponentMap;Lorg/spongepowered/asm/mixin/injection/callback/CallbackInfo;)V doesn't use it's CallbackInfo
[17:14:20] [main/DEBUG] (FabricLoader/Mixin) owo.mixins.json:ext.ItemStackMixin from mod owo->@Inject::deriveComponents2(Lnet/minecraft/component/ComponentChanges;Lorg/spongepowered/asm/mixin/injection/callback/CallbackInfo;)V doesn't use it's CallbackInfo
[17:14:20] [main/DEBUG] (FabricLoader/Mixin) owo.mixins.json:ext.ItemStackMixin from mod owo->@Inject::deriveComponents3(Lnet/minecraft/component/ComponentChanges;Lorg/spongepowered/asm/mixin/injection/callback/CallbackInfo;)V doesn't use it's CallbackInfo
[17:14:20] [main/DEBUG] (FabricLoader/Mixin) owo.mixins.json:ext.ItemStackMixin from mod owo->@Inject::deriveComponents4(Lnet/minecraft/component/ComponentMap;Lorg/spongepowered/asm/mixin/injection/callback/CallbackInfo;)V doesn't use it's CallbackInfo
[17:14:20] [main/DEBUG] (FabricLoader/Mixin) fabric-item-api-v1.mixins.json:ItemStackMixin from mod fabric-item-api-v1->@Inject::preAttributeModifiers(Lnet/minecraft/item/Item$TooltipContext;Lnet/minecraft/component/type/TooltipDisplayComponent;Lnet/minecraft/entity/player/PlayerEntity;Lnet/minecraft/item/tooltip/TooltipType;Ljava/util/function/Consumer;Lorg/spongepowered/asm/mixin/injection/callback/CallbackInfo;)V doesn't use it's CallbackInfo
[17:14:20] [main/DEBUG] (FabricLoader/Mixin) fabric-item-api-v1.mixins.json:ItemStackMixin from mod fabric-item-api-v1->@Inject::postTooltipsAdvanced(Lnet/minecraft/item/Item$TooltipContext;Lnet/minecraft/component/type/TooltipDisplayComponent;Lnet/minecraft/entity/player/PlayerEntity;Lnet/minecraft/item/tooltip/TooltipType;Ljava/util/function/Consumer;Lorg/spongepowered/asm/mixin/injection/callback/CallbackInfo;)V doesn't use it's CallbackInfo
[17:14:20] [main/DEBUG] (FabricLoader/Mixin) fabric-item-api-v1.client.mixins.json:ItemStackMixin from mod fabric-item-api-v1->@Inject::getTooltip(Lnet/minecraft/item/Item$TooltipContext;Lnet/minecraft/entity/player/PlayerEntity;Lnet/minecraft/item/tooltip/TooltipType;Lorg/spongepowered/asm/mixin/injection/callback/CallbackInfoReturnable;)V does use it's CallbackInfoReturnable
[17:14:20] [main/DEBUG] (FabricLoader/Mixin) Mixing AnvilScreenHandlerMixin from fabric-item-api-v1.mixins.json into net.minecraft.screen.AnvilScreenHandler
[17:14:20] [main/DEBUG] (FabricLoader/Mixin) Mixing HopperBlockEntityMixin from fabric-transfer-api-v1.mixins.json into net.minecraft.block.entity.HopperBlockEntity
[17:14:20] [main/DEBUG] (FabricLoader/Mixin) Renaming synthetic method lambda$hookExtract$1(Lnet/fabricmc/fabric/api/transfer/v1/item/ItemVariant;)Z to md5eac00$fabric-transfer-api-v1$lambda$hookExtract$1$0 in fabric-transfer-api-v1.mixins.json:HopperBlockEntityMixin from mod fabric-transfer-api-v1
[17:14:20] [main/DEBUG] (FabricLoader/Mixin) Renaming synthetic method lambda$hookInsert$0(Lnet/fabricmc/fabric/api/transfer/v1/item/ItemVariant;)Z to md5eac00$fabric-transfer-api-v1$lambda$hookInsert$0$1 in fabric-transfer-api-v1.mixins.json:HopperBlockEntityMixin from mod fabric-transfer-api-v1
[17:14:20] [main/DEBUG] (FabricLoader/Mixin) fabric-transfer-api-v1.mixins.json:HopperBlockEntityMixin from mod fabric-transfer-api-v1->@Inject::hookInsert(Lnet/minecraft/world/World;Lnet/minecraft/util/math/BlockPos;Lnet/minecraft/block/entity/HopperBlockEntity;Lorg/spongepowered/asm/mixin/injection/callback/CallbackInfoReturnable;)V does use it's CallbackInfoReturnable
[17:14:20] [main/DEBUG] (FabricLoader/Mixin) fabric-transfer-api-v1.mixins.json:HopperBlockEntityMixin from mod fabric-transfer-api-v1->@Inject::hookExtract(Lnet/minecraft/world/World;Lnet/minecraft/block/entity/Hopper;Lorg/spongepowered/asm/mixin/injection/callback/CallbackInfoReturnable;)V does use it's CallbackInfoReturnable
[17:14:20] [main/DEBUG] (FabricLoader/Mixin) Mixing DropperBlockMixin from fabric-transfer-api-v1.mixins.json into net.minecraft.block.DropperBlock
[17:14:20] [main/DEBUG] (FabricLoader/Mixin) Renaming synthetic method lambda$hookDispense$0(Lnet/fabricmc/fabric/api/transfer/v1/item/ItemVariant;)Z to md5eac00$fabric-transfer-api-v1$lambda$hookDispense$0$0 in fabric-transfer-api-v1.mixins.json:DropperBlockMixin from mod fabric-transfer-api-v1
[17:14:20] [main/DEBUG] (FabricLoader/Mixin) fabric-transfer-api-v1.mixins.json:DropperBlockMixin from mod fabric-transfer-api-v1->@Inject::hookDispense(Lnet/minecraft/server/world/ServerWorld;Lnet/minecraft/block/BlockState;Lnet/minecraft/util/math/BlockPos;Lorg/spongepowered/asm/mixin/injection/callback/CallbackInfo;)V does use it's CallbackInfo
[17:14:20] [main/DEBUG] (FabricLoader/Mixin) Mixing BannerBlockEntityMixin from fabric-data-attachment-api-v1.mixins.json into net.minecraft.block.entity.BannerBlockEntity
[17:14:20] [main/DEBUG] (FabricLoader/Mixin) Mixing CrafterBlockMixin from fabric-transfer-api-v1.mixins.json into net.minecraft.block.CrafterBlock
[17:14:20] [main/DEBUG] (FabricLoader/Mixin) fabric-transfer-api-v1.mixins.json:CrafterBlockMixin from mod fabric-transfer-api-v1->@Inject::transferOrSpawnStack(Lnet/minecraft/server/world/ServerWorld;Lnet/minecraft/util/math/BlockPos;Lnet/minecraft/block/entity/CrafterBlockEntity;Lnet/minecraft/item/ItemStack;Lnet/minecraft/block/BlockState;Lnet/minecraft/recipe/RecipeEntry;Lorg/spongepowered/asm/mixin/injection/callback/CallbackInfo;)V doesn't use it's CallbackInfo
[17:14:20] [main/DEBUG] (FabricLoader/Mixin) fabric-transfer-api-v1.mixins.json:CrafterBlockMixin from mod fabric-transfer-api-v1->@Inject::transferOrSpawnStack(Lnet/minecraft/server/world/ServerWorld;Lnet/minecraft/util/math/BlockPos;Lnet/minecraft/block/entity/CrafterBlockEntity;Lnet/minecraft/item/ItemStack;Lnet/minecraft/block/BlockState;Lnet/minecraft/recipe/RecipeEntry;Lorg/spongepowered/asm/mixin/injection/callback/CallbackInfo;)V has 0 override(s) in child classes
[17:14:20] [main/DEBUG] (FabricLoader/Mixin) fabric-transfer-api-v1.mixins.json:CrafterBlockMixin from mod fabric-transfer-api-v1->@Inject::transferOrSpawnStack(Lnet/minecraft/server/world/ServerWorld;Lnet/minecraft/util/math/BlockPos;Lnet/minecraft/block/entity/CrafterBlockEntity;Lnet/minecraft/item/ItemStack;Lnet/minecraft/block/BlockState;Lnet/minecraft/recipe/RecipeEntry;Lorg/spongepowered/asm/mixin/injection/callback/CallbackInfo;)V won't be passed a CallbackInfo as a result
[17:14:20] [main/DEBUG] (FabricLoader/Mixin) fabric-transfer-api-v1.mixins.json:CrafterBlockMixin from mod fabric-transfer-api-v1->@Inject::transferOrSpawnStack(Lnet/minecraft/server/world/ServerWorld;Lnet/minecraft/util/math/BlockPos;Lnet/minecraft/block/entity/CrafterBlockEntity;Lnet/minecraft/item/ItemStack;Lnet/minecraft/block/BlockState;Lnet/minecraft/recipe/RecipeEntry;Lorg/spongepowered/asm/mixin/injection/callback/CallbackInfo;)V doesn't use it's CallbackInfo
[17:14:20] [main/DEBUG] (FabricLoader/Mixin) fabric-transfer-api-v1.mixins.json:CrafterBlockMixin from mod fabric-transfer-api-v1->@Inject::transferOrSpawnStack(Lnet/minecraft/server/world/ServerWorld;Lnet/minecraft/util/math/BlockPos;Lnet/minecraft/block/entity/CrafterBlockEntity;Lnet/minecraft/item/ItemStack;Lnet/minecraft/block/BlockState;Lnet/minecraft/recipe/RecipeEntry;Lorg/spongepowered/asm/mixin/injection/callback/CallbackInfo;)V has 0 override(s) in child classes
[17:14:20] [main/DEBUG] (FabricLoader/Mixin) fabric-transfer-api-v1.mixins.json:CrafterBlockMixin from mod fabric-transfer-api-v1->@Inject::transferOrSpawnStack(Lnet/minecraft/server/world/ServerWorld;Lnet/minecraft/util/math/BlockPos;Lnet/minecraft/block/entity/CrafterBlockEntity;Lnet/minecraft/item/ItemStack;Lnet/minecraft/block/BlockState;Lnet/minecraft/recipe/RecipeEntry;Lorg/spongepowered/asm/mixin/injection/callback/CallbackInfo;)V won't be passed a CallbackInfo as a result
[17:14:20] [main/DEBUG] (FabricLoader/Mixin) fabric-transfer-api-v1.mixins.json:CrafterBlockMixin from mod fabric-transfer-api-v1->@Inject::transferOrSpawnStack(Lnet/minecraft/server/world/ServerWorld;Lnet/minecraft/util/math/BlockPos;Lnet/minecraft/block/entity/CrafterBlockEntity;Lnet/minecraft/item/ItemStack;Lnet/minecraft/block/BlockState;Lnet/minecraft/recipe/RecipeEntry;Lorg/spongepowered/asm/mixin/injection/callback/CallbackInfo;)V doesn't use it's CallbackInfo
[17:14:20] [main/DEBUG] (FabricLoader/Mixin) fabric-transfer-api-v1.mixins.json:CrafterBlockMixin from mod fabric-transfer-api-v1->@Inject::transferOrSpawnStack(Lnet/minecraft/server/world/ServerWorld;Lnet/minecraft/util/math/BlockPos;Lnet/minecraft/block/entity/CrafterBlockEntity;Lnet/minecraft/item/ItemStack;Lnet/minecraft/block/BlockState;Lnet/minecraft/recipe/RecipeEntry;Lorg/spongepowered/asm/mixin/injection/callback/CallbackInfo;)V has 0 override(s) in child classes
[17:14:20] [main/DEBUG] (FabricLoader/Mixin) fabric-transfer-api-v1.mixins.json:CrafterBlockMixin from mod fabric-transfer-api-v1->@Inject::transferOrSpawnStack(Lnet/minecraft/server/world/ServerWorld;Lnet/minecraft/util/math/BlockPos;Lnet/minecraft/block/entity/CrafterBlockEntity;Lnet/minecraft/item/ItemStack;Lnet/minecraft/block/BlockState;Lnet/minecraft/recipe/RecipeEntry;Lorg/spongepowered/asm/mixin/injection/callback/CallbackInfo;)V won't be passed a CallbackInfo as a result
[17:14:20] [main/DEBUG] (FabricLoader/Mixin) fabric-transfer-api-v1.mixins.json:CrafterBlockMixin from mod fabric-transfer-api-v1->@Inject::transferOrSpawnStack(Lnet/minecraft/server/world/ServerWorld;Lnet/minecraft/util/math/BlockPos;Lnet/minecraft/block/entity/CrafterBlockEntity;Lnet/minecraft/item/ItemStack;Lnet/minecraft/block/BlockState;Lnet/minecraft/recipe/RecipeEntry;Lorg/spongepowered/asm/mixin/injection/callback/CallbackInfo;)V doesn't use it's CallbackInfo
[17:14:20] [main/DEBUG] (FabricLoader/Mixin) fabric-transfer-api-v1.mixins.json:CrafterBlockMixin from mod fabric-transfer-api-v1->@Inject::transferOrSpawnStack(Lnet/minecraft/server/world/ServerWorld;Lnet/minecraft/util/math/BlockPos;Lnet/minecraft/block/entity/CrafterBlockEntity;Lnet/minecraft/item/ItemStack;Lnet/minecraft/block/BlockState;Lnet/minecraft/recipe/RecipeEntry;Lorg/spongepowered/asm/mixin/injection/callback/CallbackInfo;)V has 0 override(s) in child classes
[17:14:20] [main/DEBUG] (FabricLoader/Mixin) fabric-transfer-api-v1.mixins.json:CrafterBlockMixin from mod fabric-transfer-api-v1->@Inject::transferOrSpawnStack(Lnet/minecraft/server/world/ServerWorld;Lnet/minecraft/util/math/BlockPos;Lnet/minecraft/block/entity/CrafterBlockEntity;Lnet/minecraft/item/ItemStack;Lnet/minecraft/block/BlockState;Lnet/minecraft/recipe/RecipeEntry;Lorg/spongepowered/asm/mixin/injection/callback/CallbackInfo;)V won't be passed a CallbackInfo as a result
[17:14:21] [main/DEBUG] (FabricLoader/Mixin) Mixing ext.ItemMixin from owo.mixins.json into net.minecraft.item.Item
[17:14:21] [main/DEBUG] (FabricLoader/Mixin) owo.mixins.json:ext.ItemMixin from mod owo: Class version 65 required is higher than the class version supported by the current version of Mixin (JAVA_16 supports class version 60)
[17:14:21] [main/DEBUG] (FabricLoader/Mixin) Mixing itemgroup.ItemMixin from owo.mixins.json into net.minecraft.item.Item
[17:14:21] [main/DEBUG] (FabricLoader/Mixin) owo.mixins.json:itemgroup.ItemMixin from mod owo: Class version 65 required is higher than the class version supported by the current version of Mixin (JAVA_16 supports class version 60)
[17:14:21] [main/DEBUG] (FabricLoader/Mixin) Mixing ItemAccessor from fabric-item-api-v1.mixins.json into net.minecraft.item.Item
[17:14:21] [main/DEBUG] (FabricLoader/Mixin) Mixing ItemMixin from fabric-item-api-v1.mixins.json into net.minecraft.item.Item
[17:14:21] [main/DEBUG] (FabricLoader/Mixin) Mixing ItemMixin from fabric-transfer-api-v1.mixins.json into net.minecraft.item.Item
[17:14:21] [main/DEBUG] (FabricLoader/Mixin) owo.mixins.json:itemgroup.ItemMixin from mod owo->@Inject::grabTab(Lnet/minecraft/item/Item$Settings;Lorg/spongepowered/asm/mixin/injection/callback/CallbackInfo;)V doesn't use it's CallbackInfo
[17:14:21] [main/DEBUG] (FabricLoader/Mixin) owo.mixins.json:itemgroup.ItemMixin from mod owo->@Inject::grabTab(Lnet/minecraft/item/Item$Settings;Lorg/spongepowered/asm/mixin/injection/callback/CallbackInfo;)V has 0 override(s) in child classes
[17:14:21] [main/DEBUG] (FabricLoader/Mixin) owo.mixins.json:itemgroup.ItemMixin from mod owo->@Inject::grabTab(Lnet/minecraft/item/Item$Settings;Lorg/spongepowered/asm/mixin/injection/callback/CallbackInfo;)V won't be passed a CallbackInfo as a result
[17:14:21] [main/DEBUG] (FabricLoader/Mixin) fabric-item-api-v1.mixins.json:ItemMixin from mod fabric-item-api-v1->@Inject::onConstruct(Lnet/minecraft/item/Item$Settings;Lorg/spongepowered/asm/mixin/injection/callback/CallbackInfo;)V doesn't use it's CallbackInfo
[17:14:21] [main/DEBUG] (FabricLoader/Mixin) fabric-item-api-v1.mixins.json:ItemMixin from mod fabric-item-api-v1->@Inject::onConstruct(Lnet/minecraft/item/Item$Settings;Lorg/spongepowered/asm/mixin/injection/callback/CallbackInfo;)V has 0 override(s) in child classes
[17:14:21] [main/DEBUG] (FabricLoader/Mixin) fabric-item-api-v1.mixins.json:ItemMixin from mod fabric-item-api-v1->@Inject::onConstruct(Lnet/minecraft/item/Item$Settings;Lorg/spongepowered/asm/mixin/injection/callback/CallbackInfo;)V won't be passed a CallbackInfo as a result
[17:14:21] [main/DEBUG] (FabricLoader/Mixin) Mixing ext.MergedComponentMapAccessor from owo.mixins.json into net.minecraft.component.MergedComponentMap
[17:14:21] [main/DEBUG] (FabricLoader/Mixin) owo.mixins.json:ext.MergedComponentMapAccessor from mod owo: Class version 65 required is higher than the class version supported by the current version of Mixin (JAVA_16 supports class version 60)
[17:14:21] [main/DEBUG] (FabricLoader/Mixin) Mixing ext.MergedComponentMapMixin from owo.mixins.json into net.minecraft.component.MergedComponentMap
[17:14:21] [main/DEBUG] (FabricLoader/Mixin) owo.mixins.json:ext.MergedComponentMapMixin from mod owo: Class version 65 required is higher than the class version supported by the current version of Mixin (JAVA_16 supports class version 60)
[17:14:21] [main/DEBUG] (FabricLoader/Mixin) Mixing ShovelItemAccessor from fabric-content-registries-v0.mixins.json into net.minecraft.item.ShovelItem
[17:14:21] [main/DEBUG] (FabricLoader/Mixin) Renaming @Accessor method getPathStates()Ljava/util/Map; to getPathStates$fabric-content-registries-v0_$md$5eac00$0 in fabric-content-registries-v0.mixins.json:ShovelItemAccessor from mod fabric-content-registries-v0
[17:14:21] [main/DEBUG] (FabricLoader/Mixin) Mixing AxeItemAccessor from fabric-content-registries-v0.mixins.json into net.minecraft.item.AxeItem
[17:14:21] [main/DEBUG] (FabricLoader/Mixin) Renaming @Accessor method getStrippedBlocks()Ljava/util/Map; to getStrippedBlocks$fabric-content-registries-v0_$md$5eac00$0 in fabric-content-registries-v0.mixins.json:AxeItemAccessor from mod fabric-content-registries-v0
[17:14:21] [main/DEBUG] (FabricLoader/Mixin) Renaming @Accessor method setStrippedBlocks(Ljava/util/Map;)V to setStrippedBlocks$fabric-content-registries-v0_$md$5eac00$1 in fabric-content-registries-v0.mixins.json:AxeItemAccessor from mod fabric-content-registries-v0
[17:14:21] [main/DEBUG] (FabricLoader/Mixin) Mixing AxeItemMixin from fabric-content-registries-v0.mixins.json into net.minecraft.item.AxeItem
[17:14:21] [main/DEBUG] (FabricLoader/Mixin) Renaming synthetic method lambda$handleCustomStrippingBehavior$0(Lnet/fabricmc/fabric/api/registry/StrippableBlockRegistry$StrippingTransformer;Lnet/minecraft/block/BlockState;Lnet/minecraft/block/Block;)Lnet/minecraft/block/BlockState; to md5eac00$fabric-content-registries-v0$lambda$handleCustomStrippingBehavior$0$2 in fabric-content-registries-v0.mixins.json:AxeItemMixin from mod fabric-content-registries-v0
[17:14:21] [main/DEBUG] (FabricLoader/Mixin) Mixing HoeItemAccessor from fabric-content-registries-v0.mixins.json into net.minecraft.item.HoeItem
[17:14:21] [main/DEBUG] (FabricLoader/Mixin) Renaming @Accessor method getTillingActions()Ljava/util/Map; to getTillingActions$fabric-content-registries-v0_$md$5eac00$0 in fabric-content-registries-v0.mixins.json:HoeItemAccessor from mod fabric-content-registries-v0
[17:14:21] [main/DEBUG] (FabricLoader/Mixin) Mixing BucketItemAccessor from fabric-transfer-api-v1.mixins.json into net.minecraft.item.BucketItem
[17:14:21] [main/DEBUG] (FabricLoader/Mixin) Mixing BucketItemMixin from fabric-transfer-api-v1.mixins.json into net.minecraft.item.BucketItem
[17:14:21] [main/DEBUG] (FabricLoader/Mixin) Mixing itemgroup.ItemSettingsMixin from owo.mixins.json into net.minecraft.item.Item$Settings
[17:14:21] [main/DEBUG] (FabricLoader/Mixin) owo.mixins.json:itemgroup.ItemSettingsMixin from mod owo: Class version 65 required is higher than the class version supported by the current version of Mixin (JAVA_16 supports class version 60)
[17:14:21] [main/DEBUG] (FabricLoader/Mixin) Mixing ItemSettingsMixin from fabric-item-api-v1.mixins.json into net.minecraft.item.Item$Settings
[17:14:21] [main/DEBUG] (FabricLoader/Mixin) Mixing serialization.ComponentTypeBuilderMixin from owo.mixins.json into net.minecraft.component.ComponentType$Builder
[17:14:21] [main/DEBUG] (FabricLoader/Mixin) owo.mixins.json:serialization.ComponentTypeBuilderMixin from mod owo: Class version 65 required is higher than the class version supported by the current version of Mixin (JAVA_16 supports class version 60)
[17:14:21] [main/DEBUG] (FabricLoader/Mixin) Mixing TagKeyMixin from fabric-convention-tags-api-v2.mixins.json into net.minecraft.registry.tag.TagKey
[17:14:21] [main/DEBUG] (FabricLoader/Mixin) Mixing serialization.WriteViewMixin from owo.mixins.json into net.minecraft.storage.WriteView
[17:14:21] [main/DEBUG] (FabricLoader/Mixin) owo.mixins.json:serialization.WriteViewMixin from mod owo: Class version 65 required is higher than the class version supported by the current version of Mixin (JAVA_16 supports class version 60)
[17:14:21] [main/DEBUG] (FabricLoader/Mixin) Mixing WriteViewMixin from fabric-serialization-api-v1.mixins.json into net.minecraft.storage.WriteView
[17:14:21] [main/DEBUG] (FabricLoader/Mixin) Mixing BundleContentsComponentAccessor from fabric-transfer-api-v1.mixins.json into net.minecraft.component.type.BundleContentsComponent
[17:14:21] [main/DEBUG] (FabricLoader/Mixin) Renaming @Invoker method getOccupancy(Lnet/minecraft/item/ItemStack;)Lorg/apache/commons/lang3/math/Fraction; to getOccupancy$fabric-transfer-api-v1_$md$5eac00$0 in fabric-transfer-api-v1.mixins.json:BundleContentsComponentAccessor from mod fabric-transfer-api-v1
[17:14:21] [main/DEBUG] (FabricLoader/Mixin) Mixing EntityTypeBuilderMixin from fabric-object-builder-v1.mixins.json into net.minecraft.entity.EntityType$Builder
[17:14:21] [main/DEBUG] (FabricLoader/Mixin) fabric-object-builder-v1.mixins.json:EntityTypeBuilderMixin from mod fabric-object-builder-api-v1->@Inject::applyChildBuilders(Lnet/minecraft/registry/RegistryKey;Lorg/spongepowered/asm/mixin/injection/callback/CallbackInfoReturnable;)V does use it's CallbackInfoReturnable
[17:14:21] [main/DEBUG] (FabricLoader/Mixin) Mixing ServerPlayerEntityMixin from fabric-particles-v1.mixins.json into net.minecraft.server.network.ServerPlayerEntity
[17:14:21] [main/DEBUG] (FabricLoader/Mixin) Mixing ServerPlayerEntityMixin from owo.mixins.json into net.minecraft.server.network.ServerPlayerEntity
[17:14:21] [main/DEBUG] (FabricLoader/Mixin) owo.mixins.json:ServerPlayerEntityMixin from mod owo: Class version 65 required is higher than the class version supported by the current version of Mixin (JAVA_16 supports class version 60)
[17:14:21] [main/DEBUG] (FabricLoader/Mixin) Mixing ServerPlayerEntityMixin from fabric-events-interaction-v0.mixins.json into net.minecraft.server.network.ServerPlayerEntity
[17:14:21] [main/DEBUG] (FabricLoader/Mixin) Mixing ServerPlayerEntityMixin from fabric-screen-handler-api-v1.mixins.json into net.minecraft.server.network.ServerPlayerEntity
[17:14:21] [main/DEBUG] (FabricLoader/Mixin) Mixing ServerPlayerEntityMixin from fabric-entity-events-v1.mixins.json into net.minecraft.server.network.ServerPlayerEntity
[17:14:21] [main/DEBUG] (FabricLoader/Mixin) owo.mixins.json:ServerPlayerEntityMixin from mod owo->@Inject::attachScreenHandler(Lnet/minecraft/screen/ScreenHandler;Lorg/spongepowered/asm/mixin/injection/callback/CallbackInfo;)V doesn't use it's CallbackInfo
[17:14:21] [main/DEBUG] (FabricLoader/Mixin) owo.mixins.json:ServerPlayerEntityMixin from mod owo->@Inject::attachScreenHandler(Lnet/minecraft/screen/ScreenHandler;Lorg/spongepowered/asm/mixin/injection/callback/CallbackInfo;)V has 0 override(s) in child classes
[17:14:21] [main/DEBUG] (FabricLoader/Mixin) owo.mixins.json:ServerPlayerEntityMixin from mod owo->@Inject::attachScreenHandler(Lnet/minecraft/screen/ScreenHandler;Lorg/spongepowered/asm/mixin/injection/callback/CallbackInfo;)V won't be passed a CallbackInfo as a result
[17:14:21] [main/DEBUG] (FabricLoader/Mixin) fabric-events-interaction-v0.mixins.json:ServerPlayerEntityMixin from mod fabric-events-interaction-v0->@Inject::onPlayerInteractEntity(Lnet/minecraft/entity/Entity;Lorg/spongepowered/asm/mixin/injection/callback/CallbackInfo;)V does use it's CallbackInfo
[17:14:21] [main/DEBUG] (FabricLoader/Mixin) fabric-events-interaction-v0.mixins.json:ServerPlayerEntityMixin from mod fabric-events-interaction-v0->@Inject::fakePlayerGameMode(Lnet/minecraft/world/GameMode;Lorg/spongepowered/asm/mixin/injection/callback/CallbackInfoReturnable;)V does use it's CallbackInfoReturnable
[17:14:21] [main/DEBUG] (FabricLoader/Mixin) fabric-screen-handler-api-v1.mixins.json:ServerPlayerEntityMixin from mod fabric-screen-handler-api-v1->@Inject::fabric_storeOpenedScreenHandler(Lnet/minecraft/screen/NamedScreenHandlerFactory;Lorg/spongepowered/asm/mixin/injection/callback/CallbackInfoReturnable;)V doesn't use it's CallbackInfoReturnable
[17:14:21] [main/DEBUG] (FabricLoader/Mixin) fabric-screen-handler-api-v1.mixins.json:ServerPlayerEntityMixin from mod fabric-screen-handler-api-v1->@Inject::fabric_storeOpenedScreenHandler(Lnet/minecraft/screen/NamedScreenHandlerFactory;Lorg/spongepowered/asm/mixin/injection/callback/CallbackInfoReturnable;)V has 0 override(s) in child classes
[17:14:21] [main/DEBUG] (FabricLoader/Mixin) fabric-screen-handler-api-v1.mixins.json:ServerPlayerEntityMixin from mod fabric-screen-handler-api-v1->@Inject::fabric_storeOpenedScreenHandler(Lnet/minecraft/screen/NamedScreenHandlerFactory;Lorg/spongepowered/asm/mixin/injection/callback/CallbackInfoReturnable;)V won't be passed a CallbackInfoReturnable as a result
[17:14:21] [main/DEBUG] (FabricLoader/Mixin) fabric-entity-events-v1.mixins.json:ServerPlayerEntityMixin from mod fabric-entity-events-v1->@Inject::callOnKillForPlayer(Lnet/minecraft/entity/damage/DamageSource;Lorg/spongepowered/asm/mixin/injection/callback/CallbackInfo;)V doesn't use it's CallbackInfo
[17:14:21] [main/DEBUG] (FabricLoader/Mixin) fabric-entity-events-v1.mixins.json:ServerPlayerEntityMixin from mod fabric-entity-events-v1->@Inject::callOnKillForPlayer(Lnet/minecraft/entity/damage/DamageSource;Lorg/spongepowered/asm/mixin/injection/callback/CallbackInfo;)V has 0 override(s) in child classes
[17:14:21] [main/DEBUG] (FabricLoader/Mixin) fabric-entity-events-v1.mixins.json:ServerPlayerEntityMixin from mod fabric-entity-events-v1->@Inject::callOnKillForPlayer(Lnet/minecraft/entity/damage/DamageSource;Lorg/spongepowered/asm/mixin/injection/callback/CallbackInfo;)V won't be passed a CallbackInfo as a result
[17:14:21] [main/DEBUG] (FabricLoader/Mixin) fabric-entity-events-v1.mixins.json:ServerPlayerEntityMixin from mod fabric-entity-events-v1->@Inject::notifyDeath(Lnet/minecraft/entity/damage/DamageSource;Lorg/spongepowered/asm/mixin/injection/callback/CallbackInfo;)V doesn't use it's CallbackInfo
[17:14:21] [main/DEBUG] (FabricLoader/Mixin) fabric-entity-events-v1.mixins.json:ServerPlayerEntityMixin from mod fabric-entity-events-v1->@Inject::notifyDeath(Lnet/minecraft/entity/damage/DamageSource;Lorg/spongepowered/asm/mixin/injection/callback/CallbackInfo;)V has 0 override(s) in child classes
[17:14:21] [main/DEBUG] (FabricLoader/Mixin) fabric-entity-events-v1.mixins.json:ServerPlayerEntityMixin from mod fabric-entity-events-v1->@Inject::notifyDeath(Lnet/minecraft/entity/damage/DamageSource;Lorg/spongepowered/asm/mixin/injection/callback/CallbackInfo;)V won't be passed a CallbackInfo as a result
[17:14:21] [main/DEBUG] (FabricLoader/Mixin) fabric-entity-events-v1.mixins.json:ServerPlayerEntityMixin from mod fabric-entity-events-v1->@Inject::afterWorldChanged(Lnet/minecraft/server/world/ServerWorld;Lorg/spongepowered/asm/mixin/injection/callback/CallbackInfo;)V doesn't use it's CallbackInfo
[17:14:21] [main/DEBUG] (FabricLoader/Mixin) fabric-entity-events-v1.mixins.json:ServerPlayerEntityMixin from mod fabric-entity-events-v1->@Inject::afterWorldChanged(Lnet/minecraft/server/world/ServerWorld;Lorg/spongepowered/asm/mixin/injection/callback/CallbackInfo;)V has 0 override(s) in child classes
[17:14:21] [main/DEBUG] (FabricLoader/Mixin) fabric-entity-events-v1.mixins.json:ServerPlayerEntityMixin from mod fabric-entity-events-v1->@Inject::afterWorldChanged(Lnet/minecraft/server/world/ServerWorld;Lorg/spongepowered/asm/mixin/injection/callback/CallbackInfo;)V won't be passed a CallbackInfo as a result
[17:14:21] [main/DEBUG] (FabricLoader/Mixin) fabric-entity-events-v1.mixins.json:ServerPlayerEntityMixin from mod fabric-entity-events-v1->@Inject::onCopyFrom(Lnet/minecraft/server/network/ServerPlayerEntity;ZLorg/spongepowered/asm/mixin/injection/callback/CallbackInfo;)V doesn't use it's CallbackInfo
[17:14:21] [main/DEBUG] (FabricLoader/Mixin) fabric-entity-events-v1.mixins.json:ServerPlayerEntityMixin from mod fabric-entity-events-v1->@Inject::onCopyFrom(Lnet/minecraft/server/network/ServerPlayerEntity;ZLorg/spongepowered/asm/mixin/injection/callback/CallbackInfo;)V has 0 override(s) in child classes
[17:14:21] [main/DEBUG] (FabricLoader/Mixin) fabric-entity-events-v1.mixins.json:ServerPlayerEntityMixin from mod fabric-entity-events-v1->@Inject::onCopyFrom(Lnet/minecraft/server/network/ServerPlayerEntity;ZLorg/spongepowered/asm/mixin/injection/callback/CallbackInfo;)V won't be passed a CallbackInfo as a result
[17:14:21] [main/DEBUG] (FabricLoader/Mixin) Mixing BreezeEntityMixin from fabric-particles-v1.mixins.json into net.minecraft.entity.mob.BreezeEntity
[17:14:21] [main/DEBUG] (FabricLoader/Mixin) Mixing VillagerEntityAccessor from fabric-content-registries-v0.mixins.json into net.minecraft.entity.passive.VillagerEntity
[17:14:21] [main/DEBUG] (FabricLoader/Mixin) Renaming @Accessor method fabric_setItemFoodValues(Ljava/util/Map;)V to fabric_setItemFoodValues$fabric-content-registries-v0_$md$5eac00$0 in fabric-content-registries-v0.mixins.json:VillagerEntityAccessor from mod fabric-content-registries-v0
[17:14:21] [main/DEBUG] (FabricLoader/Mixin) Mixing VillagerEntityMixin from fabric-content-registries-v0.mixins.json into net.minecraft.entity.passive.VillagerEntity
[17:14:21] [main/DEBUG] (FabricLoader/Mixin) Mixing TrackedDataHandlerRegistryAccessor from fabric-object-builder-v1.mixins.json into net.minecraft.entity.data.TrackedDataHandlerRegistry
[17:14:21] [main/DEBUG] (FabricLoader/Mixin) Renaming @Accessor method fabric_getDataHandlers()Lnet/minecraft/util/collection/Int2ObjectBiMap; to fabric_getDataHandlers$fabric-object-builder-api-v1_$md$5eac00$0 in fabric-object-builder-v1.mixins.json:TrackedDataHandlerRegistryAccessor from mod fabric-object-builder-api-v1
[17:14:21] [main/DEBUG] (FabricLoader/Mixin) Mixing TrackedDataHandlerRegistryMixin from fabric-object-builder-v1.mixins.json into net.minecraft.entity.data.TrackedDataHandlerRegistry
[17:14:21] [main/DEBUG] (FabricLoader/Mixin) fabric-object-builder-v1.mixins.json:TrackedDataHandlerRegistryMixin from mod fabric-object-builder-api-v1->@Inject::storeVanillaHandlers(Lorg/spongepowered/asm/mixin/injection/callback/CallbackInfo;)V doesn't use it's CallbackInfo
[17:14:21] [main/DEBUG] (FabricLoader/Mixin) fabric-object-builder-v1.mixins.json:TrackedDataHandlerRegistryMixin from mod fabric-object-builder-api-v1->@Inject::onHeadRegister(Lnet/minecraft/entity/data/TrackedDataHandler;Lorg/spongepowered/asm/mixin/injection/callback/CallbackInfo;)V doesn't use it's CallbackInfo
[17:14:21] [main/DEBUG] (FabricLoader/Mixin) Mixing AttachmentTargetsMixin from fabric-data-attachment-api-v1.mixins.json into net.minecraft.world.chunk.Chunk
[17:14:21] [main/DEBUG] (FabricLoader/Mixin) Mixing ChunkMixin from fabric-data-attachment-api-v1.mixins.json into net.minecraft.world.chunk.Chunk
[17:14:21] [main/DEBUG] (FabricLoader/Mixin) Mixing WorldChunkMixin from fabric-lifecycle-events-v1.client.mixins.json into net.minecraft.world.chunk.WorldChunk
[17:14:21] [main/DEBUG] (FabricLoader/Mixin) Mixing WorldChunkMixin from fabric-data-attachment-api-v1.mixins.json into net.minecraft.world.chunk.WorldChunk
[17:14:21] [main/DEBUG] (FabricLoader/Mixin) Renaming synthetic method lambda$fabric_syncChange$0(Lnet/fabricmc/fabric/api/attachment/v1/AttachmentType;Lnet/fabricmc/fabric/impl/attachment/sync/AttachmentChange;Lnet/minecraft/server/network/ServerPlayerEntity;)V to md5eac00$fabric-data-attachment-api-v1$lambda$fabric_syncChange$0$0 in fabric-data-attachment-api-v1.mixins.json:WorldChunkMixin from mod fabric-data-attachment-api-v1
[17:14:21] [main/DEBUG] (FabricLoader/Mixin) fabric-lifecycle-events-v1.client.mixins.json:WorldChunkMixin from mod fabric-lifecycle-events-v1->@Inject::onRemoveBlockEntity(Lnet/minecraft/block/entity/BlockEntity;Lorg/spongepowered/asm/mixin/injection/callback/CallbackInfo;)V doesn't use it's CallbackInfo
[17:14:21] [main/DEBUG] (FabricLoader/Mixin) fabric-lifecycle-events-v1.client.mixins.json:WorldChunkMixin from mod fabric-lifecycle-events-v1->@Inject::onRemoveBlockEntity(Lnet/minecraft/block/entity/BlockEntity;Lorg/spongepowered/asm/mixin/injection/callback/CallbackInfo;)V has 0 override(s) in child classes
[17:14:21] [main/DEBUG] (FabricLoader/Mixin) fabric-lifecycle-events-v1.client.mixins.json:WorldChunkMixin from mod fabric-lifecycle-events-v1->@Inject::onRemoveBlockEntity(Lnet/minecraft/block/entity/BlockEntity;Lorg/spongepowered/asm/mixin/injection/callback/CallbackInfo;)V won't be passed a CallbackInfo as a result
[17:14:21] [main/DEBUG] (FabricLoader/Mixin) fabric-lifecycle-events-v1.client.mixins.json:WorldChunkMixin from mod fabric-lifecycle-events-v1->@Inject::onRemoveBlockEntity(Lnet/minecraft/util/math/BlockPos;Lorg/spongepowered/asm/mixin/injection/callback/CallbackInfo;)V doesn't use it's CallbackInfo
[17:14:21] [main/DEBUG] (FabricLoader/Mixin) fabric-lifecycle-events-v1.client.mixins.json:WorldChunkMixin from mod fabric-lifecycle-events-v1->@Inject::onRemoveBlockEntity(Lnet/minecraft/util/math/BlockPos;Lorg/spongepowered/asm/mixin/injection/callback/CallbackInfo;)V has 0 override(s) in child classes
[17:14:21] [main/DEBUG] (FabricLoader/Mixin) fabric-lifecycle-events-v1.client.mixins.json:WorldChunkMixin from mod fabric-lifecycle-events-v1->@Inject::onRemoveBlockEntity(Lnet/minecraft/util/math/BlockPos;Lorg/spongepowered/asm/mixin/injection/callback/CallbackInfo;)V won't be passed a CallbackInfo as a result
[17:14:21] [main/DEBUG] (FabricLoader/Mixin) fabric-data-attachment-api-v1.mixins.json:WorldChunkMixin from mod fabric-data-attachment-api-v1->@Inject::transferProtoChunkAttachment(Lnet/minecraft/server/world/ServerWorld;Lnet/minecraft/world/chunk/ProtoChunk;Lnet/minecraft/world/chunk/WorldChunk$EntityLoader;Lorg/spongepowered/asm/mixin/injection/callback/CallbackInfo;)V doesn't use it's CallbackInfo
[17:14:21] [main/DEBUG] (FabricLoader/Mixin) fabric-data-attachment-api-v1.mixins.json:WorldChunkMixin from mod fabric-data-attachment-api-v1->@Inject::transferProtoChunkAttachment(Lnet/minecraft/server/world/ServerWorld;Lnet/minecraft/world/chunk/ProtoChunk;Lnet/minecraft/world/chunk/WorldChunk$EntityLoader;Lorg/spongepowered/asm/mixin/injection/callback/CallbackInfo;)V has 0 override(s) in child classes
[17:14:21] [main/DEBUG] (FabricLoader/Mixin) fabric-data-attachment-api-v1.mixins.json:WorldChunkMixin from mod fabric-data-attachment-api-v1->@Inject::transferProtoChunkAttachment(Lnet/minecraft/server/world/ServerWorld;Lnet/minecraft/world/chunk/ProtoChunk;Lnet/minecraft/world/chunk/WorldChunk$EntityLoader;Lorg/spongepowered/asm/mixin/injection/callback/CallbackInfo;)V won't be passed a CallbackInfo as a result
[17:14:21] [main/DEBUG] (net.fabricmc.fabric.impl.object.builder.FabricTrackedDataRegistryImpl) Stored 37 vanilla handlers
[17:14:22] [main/DEBUG] (FabricLoader/Mixin) Mixing WardenEntityMixin from fabric-particles-v1.mixins.json into net.minecraft.entity.mob.WardenEntity
[17:14:22] [main/DEBUG] (FabricLoader/Mixin) Mixing ContainerComponentAccessor from fabric-transfer-api-v1.mixins.json into net.minecraft.component.type.ContainerComponent
[17:14:22] [main/DEBUG] (FabricLoader/Mixin) Mixing LootTableAccessor from fabric-loot-api-v3.mixins.json into net.minecraft.loot.LootTable
[17:14:22] [main/DEBUG] (FabricLoader/Mixin) Mixing LootTableMixin from fabric-loot-api-v3.mixins.json into net.minecraft.loot.LootTable
[17:14:22] [main/DEBUG] (FabricLoader/Mixin) Mixing EnchantRandomlyLootFunctionMixin from fabric-item-api-v1.mixins.json into net.minecraft.loot.function.EnchantRandomlyLootFunction
[17:14:22] [main/DEBUG] (FabricLoader/Mixin) Mixing SetComponentsLootFunctionAccessor from owo.mixins.json into net.minecraft.loot.function.SetComponentsLootFunction
[17:14:22] [main/DEBUG] (FabricLoader/Mixin) owo.mixins.json:SetComponentsLootFunctionAccessor from mod owo: Class version 65 required is higher than the class version supported by the current version of Mixin (JAVA_16 supports class version 60)
[17:14:22] [main/DEBUG] (FabricLoader/Mixin) Renaming @Invoker method createSetComponentsLootFunction(Ljava/util/List;Lnet/minecraft/component/ComponentChanges;)Lnet/minecraft/loot/function/SetComponentsLootFunction; to createSetComponentsLootFunction$owo_$md$5eac00$0 in owo.mixins.json:SetComponentsLootFunctionAccessor from mod owo
[17:14:22] [main/DEBUG] (FabricLoader/Mixin) Mixing HoneycombItemMixin from fabric-content-registries-v0.mixins.json into net.minecraft.item.HoneycombItem
[17:14:22] [main/DEBUG] (FabricLoader/Mixin) fabric-content-registries-v0.mixins.json:HoneycombItemMixin from mod fabric-content-registries-v0->@Inject::createUnwaxedToWaxedMap(Lorg/spongepowered/asm/mixin/injection/callback/CallbackInfoReturnable;)V does use it's CallbackInfoReturnable
[17:14:22] [main/DEBUG] (FabricLoader/Mixin) Mixing BrushItemMixin from fabric-particles-v1.mixins.json into net.minecraft.item.BrushItem
[17:14:22] [main/DEBUG] (FabricLoader/Mixin) Mixing EntitySelectorOptionsAccessor from fabric-command-api-v2.mixins.json into net.minecraft.command.EntitySelectorOptions
[17:14:22] [main/DEBUG] (FabricLoader/Mixin) Renaming @Invoker method callPutOption(Ljava/lang/String;Lnet/minecraft/command/EntitySelectorOptions$SelectorHandler;Ljava/util/function/Predicate;Lnet/minecraft/text/Text;)V to callPutOption$fabric-command-api-v2_$md$5eac00$0 in fabric-command-api-v2.mixins.json:EntitySelectorOptionsAccessor from mod fabric-command-api-v2
[17:14:22] [main/DEBUG] (FabricLoader/Mixin) Mixing EntitySelectorReaderMixin from fabric-command-api-v2.mixins.json into net.minecraft.command.EntitySelectorReader
[17:14:22] [main/DEBUG] (FabricLoader/Mixin) Generating mapped inner class net/minecraft/block/entity/ChiseledBookshelfBlockEntity$Anonymous$e72ffc23bfe44399b546626c35798e92 (originally net/fabricmc/fabric/mixin/transfer/ChiseledBookshelfBlockEntityMixin$1)
[17:14:22] [main/DEBUG] (FabricLoader/Mixin) Mixing ui.SlotAccessor from owo.mixins.json into net.minecraft.screen.slot.Slot
[17:14:22] [main/DEBUG] (FabricLoader/Mixin) owo.mixins.json:ui.SlotAccessor from mod owo: Class version 65 required is higher than the class version supported by the current version of Mixin (JAVA_16 supports class version 60)
[17:14:22] [main/DEBUG] (FabricLoader/Mixin) Mixing ui.SlotMixin from owo.mixins.json into net.minecraft.screen.slot.Slot
[17:14:22] [main/DEBUG] (FabricLoader/Mixin) owo.mixins.json:ui.SlotMixin from mod owo: Class version 65 required is higher than the class version supported by the current version of Mixin (JAVA_16 supports class version 60)
[17:14:22] [main/DEBUG] (FabricLoader/Mixin) owo.mixins.json:ui.SlotMixin from mod owo->@Inject::injectOverride(Lorg/spongepowered/asm/mixin/injection/callback/CallbackInfoReturnable;)V does use it's CallbackInfoReturnable
[17:14:22] [main/DEBUG] (FabricLoader/Mixin) Mixing SimpleInventoryMixin from fabric-transfer-api-v1.mixins.json into net.minecraft.inventory.SimpleInventory
[17:14:22] [main/DEBUG] (FabricLoader/Mixin) Mixing recipe_remainders.CraftingResultSlotMixin from owo.mixins.json into net.minecraft.screen.slot.CraftingResultSlot
[17:14:22] [main/DEBUG] (FabricLoader/Mixin) owo.mixins.json:recipe_remainders.CraftingResultSlotMixin from mod owo: Class version 65 required is higher than the class version supported by the current version of Mixin (JAVA_16 supports class version 60)
[17:14:22] [main/DEBUG] (FabricLoader/Mixin) Renaming synthetic method lambda$addRecipeSpecificRemainders$0(Ljava/util/Optional;Lnet/minecraft/recipe/input/CraftingRecipeInput;Lnet/minecraft/util/collection/DefaultedList;)Lnet/minecraft/util/collection/DefaultedList; to md5eac00$owo$lambda$addRecipeSpecificRemainders$0$0 in owo.mixins.json:recipe_remainders.CraftingResultSlotMixin from mod owo
[17:14:22] [main/DEBUG] (FabricLoader/Mixin) owo.mixins.json:recipe_remainders.CraftingResultSlotMixin from mod owo->@Inject::fixRemainderStacking(Lnet/minecraft/entity/player/PlayerEntity;Lnet/minecraft/item/ItemStack;Lorg/spongepowered/asm/mixin/injection/callback/CallbackInfo;Lnet/minecraft/recipe/input/CraftingRecipeInput$Positioned;Lnet/minecraft/recipe/input/CraftingRecipeInput;IILnet/minecraft/util/collection/DefaultedList;IIILnet/minecraft/item/ItemStack;Lnet/minecraft/item/ItemStack;)V doesn't use it's CallbackInfo
[17:14:22] [main/DEBUG] (FabricLoader/Mixin) owo.mixins.json:recipe_remainders.CraftingResultSlotMixin from mod owo->@Inject::fixRemainderStacking(Lnet/minecraft/entity/player/PlayerEntity;Lnet/minecraft/item/ItemStack;Lorg/spongepowered/asm/mixin/injection/callback/CallbackInfo;Lnet/minecraft/recipe/input/CraftingRecipeInput$Positioned;Lnet/minecraft/recipe/input/CraftingRecipeInput;IILnet/minecraft/util/collection/DefaultedList;IIILnet/minecraft/item/ItemStack;Lnet/minecraft/item/ItemStack;)V has 0 override(s) in child classes
[17:14:22] [main/DEBUG] (FabricLoader/Mixin) owo.mixins.json:recipe_remainders.CraftingResultSlotMixin from mod owo->@Inject::fixRemainderStacking(Lnet/minecraft/entity/player/PlayerEntity;Lnet/minecraft/item/ItemStack;Lorg/spongepowered/asm/mixin/injection/callback/CallbackInfo;Lnet/minecraft/recipe/input/CraftingRecipeInput$Positioned;Lnet/minecraft/recipe/input/CraftingRecipeInput;IILnet/minecraft/util/collection/DefaultedList;IIILnet/minecraft/item/ItemStack;Lnet/minecraft/item/ItemStack;)V won't be passed a CallbackInfo as a result
[17:14:22] [main/DEBUG] (FabricLoader/Mixin) Mixing CraftingRecipeMixin from fabric-item-api-v1.mixins.json into net.minecraft.recipe.CraftingRecipe
[17:14:22] [main/DEBUG] (FabricLoader/Mixin) Mixing ingredient.IngredientMixin from fabric-recipe-api-v1.mixins.json into net.minecraft.recipe.Ingredient
[17:14:22] [main/DEBUG] (FabricLoader/Mixin) Renaming synthetic method lambda$injectCodec$2(Lnet/minecraft/recipe/Ingredient;)Lcom/mojang/datafixers/util/Either; to md5eac00$fabric-recipe-api-v1$lambda$injectCodec$2$0 in fabric-recipe-api-v1.mixins.json:ingredient.IngredientMixin from mod fabric-recipe-api-v1
[17:14:22] [main/DEBUG] (FabricLoader/Mixin) Renaming synthetic method lambda$injectCodec$1(Lcom/mojang/datafixers/util/Either;)Lnet/minecraft/recipe/Ingredient; to md5eac00$fabric-recipe-api-v1$lambda$injectCodec$1$1 in fabric-recipe-api-v1.mixins.json:ingredient.IngredientMixin from mod fabric-recipe-api-v1
[17:14:22] [main/DEBUG] (FabricLoader/Mixin) Renaming synthetic method lambda$injectCodec$0(Lnet/minecraft/recipe/Ingredient;)Lnet/minecraft/recipe/Ingredient; to md5eac00$fabric-recipe-api-v1$lambda$injectCodec$0$2 in fabric-recipe-api-v1.mixins.json:ingredient.IngredientMixin from mod fabric-recipe-api-v1
[17:14:22] [main/DEBUG] (FabricLoader/Mixin) fabric-recipe-api-v1.mixins.json:ingredient.IngredientMixin from mod fabric-recipe-api-v1->@Inject::injectCodec(Lorg/spongepowered/asm/mixin/injection/callback/CallbackInfo;)V doesn't use it's CallbackInfo
[17:14:22] [main/DEBUG] (FabricLoader/Mixin) fabric-recipe-api-v1.mixins.json:ingredient.IngredientMixin from mod fabric-recipe-api-v1->@Inject::onGetEntries(Lnet/minecraft/recipe/Ingredient;Lorg/spongepowered/asm/mixin/injection/callback/CallbackInfoReturnable;)V does use it's CallbackInfoReturnable
[17:14:22] [main/DEBUG] (FabricLoader/Mixin) fabric-recipe-api-v1.mixins.json:ingredient.IngredientMixin from mod fabric-recipe-api-v1->@Inject::onGetEntries(Lnet/minecraft/recipe/Ingredient;Lorg/spongepowered/asm/mixin/injection/callback/CallbackInfoReturnable;)V does use it's CallbackInfoReturnable
[17:14:22] [main/DEBUG] (FabricLoader/Mixin) fabric-recipe-api-v1.mixins.json:ingredient.IngredientMixin from mod fabric-recipe-api-v1->@Inject::onGetEntries(Lnet/minecraft/recipe/Ingredient;Lorg/spongepowered/asm/mixin/injection/callback/CallbackInfoReturnable;)V does use it's CallbackInfoReturnable
[17:14:22] [main/DEBUG] (FabricLoader/Mixin) fabric-recipe-api-v1.mixins.json:ingredient.IngredientMixin from mod fabric-recipe-api-v1->@Inject::onHeadEquals(Ljava/lang/Object;Lorg/spongepowered/asm/mixin/injection/callback/CallbackInfoReturnable;)V does use it's CallbackInfoReturnable
[17:14:22] [main/DEBUG] (FabricLoader/Mixin) Mixing ingredient.ShapelessRecipeMixin from fabric-recipe-api-v1.mixins.json into net.minecraft.recipe.ShapelessRecipe
[17:14:22] [main/DEBUG] (FabricLoader/Mixin) fabric-recipe-api-v1.mixins.json:ingredient.ShapelessRecipeMixin from mod fabric-recipe-api-v1->@Inject::cacheRequiresTesting(Ljava/lang/String;Lnet/minecraft/recipe/book/CraftingRecipeCategory;Lnet/minecraft/item/ItemStack;Ljava/util/List;Lorg/spongepowered/asm/mixin/injection/callback/CallbackInfo;)V doesn't use it's CallbackInfo
[17:14:22] [main/DEBUG] (FabricLoader/Mixin) fabric-recipe-api-v1.mixins.json:ingredient.ShapelessRecipeMixin from mod fabric-recipe-api-v1->@Inject::cacheRequiresTesting(Ljava/lang/String;Lnet/minecraft/recipe/book/CraftingRecipeCategory;Lnet/minecraft/item/ItemStack;Ljava/util/List;Lorg/spongepowered/asm/mixin/injection/callback/CallbackInfo;)V has 0 override(s) in child classes
[17:14:22] [main/DEBUG] (FabricLoader/Mixin) fabric-recipe-api-v1.mixins.json:ingredient.ShapelessRecipeMixin from mod fabric-recipe-api-v1->@Inject::cacheRequiresTesting(Ljava/lang/String;Lnet/minecraft/recipe/book/CraftingRecipeCategory;Lnet/minecraft/item/ItemStack;Ljava/util/List;Lorg/spongepowered/asm/mixin/injection/callback/CallbackInfo;)V won't be passed a CallbackInfo as a result
[17:14:22] [main/DEBUG] (FabricLoader/Mixin) fabric-recipe-api-v1.mixins.json:ingredient.ShapelessRecipeMixin from mod fabric-recipe-api-v1->@Inject::customIngredientMatch(Lnet/minecraft/recipe/input/CraftingRecipeInput;Lnet/minecraft/world/World;Lorg/spongepowered/asm/mixin/injection/callback/CallbackInfoReturnable;)V does use it's CallbackInfoReturnable
[17:14:23] [main/DEBUG] (FabricLoader/Mixin) Mixing Copenhagen from owo.mixins.json into net.minecraft.world.gen.feature.OreFeature
[17:14:23] [main/DEBUG] (FabricLoader/Mixin) owo.mixins.json:Copenhagen from mod owo: Class version 65 required is higher than the class version supported by the current version of Mixin (JAVA_16 supports class version 60)
[17:14:23] [main/DEBUG] (FabricLoader/Mixin) Renaming synthetic method lambda$coping$0(Lnet/minecraft/world/StructureWorldAccess;Lnet/minecraft/util/math/BlockPos;Lnet/minecraft/block/BlockState;)V to md5eac00$owo$lambda$coping$0$0 in owo.mixins.json:Copenhagen from mod owo
[17:14:23] [main/DEBUG] (FabricLoader/Mixin) owo.mixins.json:Copenhagen from mod owo->@Inject::malding(Lnet/minecraft/world/StructureWorldAccess;Lnet/minecraft/util/math/random/Random;Lnet/minecraft/world/gen/feature/OreFeatureConfig;DDDDDDIIIIILorg/spongepowered/asm/mixin/injection/callback/CallbackInfoReturnable;ILjava/util/BitSet;Lnet/minecraft/util/math/BlockPos$Mutable;I[DLnet/minecraft/world/ChunkSectionCache;IDDDDIIIIIIIDIDIDILnet/minecraft/world/chunk/ChunkSection;IIILnet/minecraft/block/BlockState;Ljava/util/Iterator;Lnet/minecraft/world/gen/feature/OreFeatureConfig$Target;)V doesn't use it's CallbackInfoReturnable
[17:14:23] [main/DEBUG] (FabricLoader/Mixin) owo.mixins.json:Copenhagen from mod owo->@Inject::malding(Lnet/minecraft/world/StructureWorldAccess;Lnet/minecraft/util/math/random/Random;Lnet/minecraft/world/gen/feature/OreFeatureConfig;DDDDDDIIIIILorg/spongepowered/asm/mixin/injection/callback/CallbackInfoReturnable;ILjava/util/BitSet;Lnet/minecraft/util/math/BlockPos$Mutable;I[DLnet/minecraft/world/ChunkSectionCache;IDDDDIIIIIIIDIDIDILnet/minecraft/world/chunk/ChunkSection;IIILnet/minecraft/block/BlockState;Ljava/util/Iterator;Lnet/minecraft/world/gen/feature/OreFeatureConfig$Target;)V has 0 override(s) in child classes
[17:14:23] [main/DEBUG] (FabricLoader/Mixin) owo.mixins.json:Copenhagen from mod owo->@Inject::malding(Lnet/minecraft/world/StructureWorldAccess;Lnet/minecraft/util/math/random/Random;Lnet/minecraft/world/gen/feature/OreFeatureConfig;DDDDDDIIIIILorg/spongepowered/asm/mixin/injection/callback/CallbackInfoReturnable;ILjava/util/BitSet;Lnet/minecraft/util/math/BlockPos$Mutable;I[DLnet/minecraft/world/ChunkSectionCache;IDDDDIIIIIIIDIDIDILnet/minecraft/world/chunk/ChunkSection;IIILnet/minecraft/block/BlockState;Ljava/util/Iterator;Lnet/minecraft/world/gen/feature/OreFeatureConfig$Target;)V won't be passed a CallbackInfoReturnable as a result
[17:14:23] [main/DEBUG] (FabricLoader/Mixin) owo.mixins.json:Copenhagen from mod owo->@Inject::coping(Lnet/minecraft/world/StructureWorldAccess;Lnet/minecraft/util/math/random/Random;Lnet/minecraft/world/gen/feature/OreFeatureConfig;DDDDDDIIIIILorg/spongepowered/asm/mixin/injection/callback/CallbackInfoReturnable;)V doesn't use it's CallbackInfoReturnable
[17:14:23] [main/DEBUG] (FabricLoader/Mixin) owo.mixins.json:Copenhagen from mod owo->@Inject::coping(Lnet/minecraft/world/StructureWorldAccess;Lnet/minecraft/util/math/random/Random;Lnet/minecraft/world/gen/feature/OreFeatureConfig;DDDDDDIIIIILorg/spongepowered/asm/mixin/injection/callback/CallbackInfoReturnable;)V has 0 override(s) in child classes
[17:14:23] [main/DEBUG] (FabricLoader/Mixin) owo.mixins.json:Copenhagen from mod owo->@Inject::coping(Lnet/minecraft/world/StructureWorldAccess;Lnet/minecraft/util/math/random/Random;Lnet/minecraft/world/gen/feature/OreFeatureConfig;DDDDDDIIIIILorg/spongepowered/asm/mixin/injection/callback/CallbackInfoReturnable;)V won't be passed a CallbackInfoReturnable as a result
[17:14:23] [main/DEBUG] (FabricLoader/Mixin) Mixing ChunkGeneratingMixin from fabric-lifecycle-events-v1.mixins.json into net.minecraft.world.chunk.ChunkGenerating
[17:14:23] [main/DEBUG] (FabricLoader/Mixin) fabric-lifecycle-events-v1.mixins.json:ChunkGeneratingMixin from mod fabric-lifecycle-events-v1->@Inject::onChunkLoad(Lnet/minecraft/world/chunk/Chunk;Lnet/minecraft/world/chunk/ChunkGenerationContext;Lnet/minecraft/world/chunk/AbstractChunkHolder;Lorg/spongepowered/asm/mixin/injection/callback/CallbackInfoReturnable;)V does use it's CallbackInfoReturnable
[17:14:23] [main/DEBUG] (FabricLoader/Mixin) Mixing StructureTemplateManagerMixin from fabric-gametest-api-v1.mixins.json into net.minecraft.structure.StructureTemplateManager
[17:14:23] [main/DEBUG] (FabricLoader/Mixin) Renaming @Unique method streamTemplatesFromResource()Ljava/util/stream/Stream; to md5eac00$fabric-gametest-api-v1$streamTemplatesFromResource$0 in fabric-gametest-api-v1.mixins.json:StructureTemplateManagerMixin from mod fabric-gametest-api-v1
[17:14:23] [main/DEBUG] (FabricLoader/Mixin) fabric-gametest-api-v1.mixins.json:StructureTemplateManagerMixin from mod fabric-gametest-api-v1->@Inject::addFabricTemplateProvider(Lnet/minecraft/resource/ResourceManager;Lnet/minecraft/world/level/storage/LevelStorage$Session;Lcom/mojang/datafixers/DataFixer;Lnet/minecraft/registry/RegistryEntryLookup;Lorg/spongepowered/asm/mixin/injection/callback/CallbackInfo;)V doesn't use it's CallbackInfo
[17:14:23] [main/DEBUG] (FabricLoader/Mixin) fabric-gametest-api-v1.mixins.json:StructureTemplateManagerMixin from mod fabric-gametest-api-v1->@Inject::addFabricTemplateProvider(Lnet/minecraft/resource/ResourceManager;Lnet/minecraft/world/level/storage/LevelStorage$Session;Lcom/mojang/datafixers/DataFixer;Lnet/minecraft/registry/RegistryEntryLookup;Lorg/spongepowered/asm/mixin/injection/callback/CallbackInfo;)V has 0 override(s) in child classes
[17:14:23] [main/DEBUG] (FabricLoader/Mixin) fabric-gametest-api-v1.mixins.json:StructureTemplateManagerMixin from mod fabric-gametest-api-v1->@Inject::addFabricTemplateProvider(Lnet/minecraft/resource/ResourceManager;Lnet/minecraft/world/level/storage/LevelStorage$Session;Lcom/mojang/datafixers/DataFixer;Lnet/minecraft/registry/RegistryEntryLookup;Lorg/spongepowered/asm/mixin/injection/callback/CallbackInfo;)V won't be passed a CallbackInfo as a result
[17:14:23] [main/DEBUG] (FabricLoader/Mixin) Mixing BiomeSourceMixin from fabric-biome-api-v1.mixins.json into net.minecraft.world.biome.source.BiomeSource
[17:14:23] [main/DEBUG] (FabricLoader/Mixin) Mixing MultiNoiseBiomeSourceMixin from fabric-biome-api-v1.mixins.json into net.minecraft.world.biome.source.MultiNoiseBiomeSource
[17:14:23] [main/DEBUG] (FabricLoader/Mixin) Mixing NetherBiomePresetMixin from fabric-biome-api-v1.mixins.json into net.minecraft.world.biome.source.MultiNoiseBiomeSourceParameterList$Preset$1
[17:14:23] [main/DEBUG] (FabricLoader/Mixin) fabric-biome-api-v1.mixins.json:NetherBiomePresetMixin from mod fabric-biome-api-v1->@Inject::apply(Ljava/util/function/Function;Lorg/spongepowered/asm/mixin/injection/callback/CallbackInfoReturnable;)V does use it's CallbackInfoReturnable
[17:14:23] [main/DEBUG] (FabricLoader/Mixin) Mixing serialization.RegistryOpsAccessor from owo.mixins.json into net.minecraft.registry.RegistryOps
[17:14:23] [main/DEBUG] (FabricLoader/Mixin) owo.mixins.json:serialization.RegistryOpsAccessor from mod owo: Class version 65 required is higher than the class version supported by the current version of Mixin (JAVA_16 supports class version 60)
[17:14:23] [main/DEBUG] (FabricLoader/Mixin) Mixing RegistryOpsAccessor from fabric-resource-conditions-api-v1.mixins.json into net.minecraft.registry.RegistryOps
[17:14:23] [main/DEBUG] (FabricLoader/Mixin) Mixing serialization.ForwardingDynamicOpsAccessor from owo.mixins.json into net.minecraft.util.dynamic.ForwardingDynamicOps
[17:14:23] [main/DEBUG] (FabricLoader/Mixin) owo.mixins.json:serialization.ForwardingDynamicOpsAccessor from mod owo: Class version 65 required is higher than the class version supported by the current version of Mixin (JAVA_16 supports class version 60)
[17:14:23] [main/DEBUG] (FabricLoader/Mixin) Mixing TheEndBiomeSourceMixin from fabric-biome-api-v1.mixins.json into net.minecraft.world.biome.source.TheEndBiomeSource
[17:14:23] [main/DEBUG] (FabricLoader/Mixin) Renaming synthetic method lambda$init$1(Lnet/minecraft/registry/RegistryEntryLookup;)Lnet/fabricmc/fabric/impl/biome/TheEndBiomeData$Overrides; to md5eac00$fabric-biome-api-v1$lambda$init$1$0 in fabric-biome-api-v1.mixins.json:TheEndBiomeSourceMixin from mod fabric-biome-api-v1
[17:14:23] [main/DEBUG] (FabricLoader/Mixin) Renaming synthetic method lambda$modifyCodec$0(Lcom/mojang/serialization/codecs/RecordCodecBuilder$Instance;)Lcom/mojang/datafixers/kinds/App; to md5eac00$fabric-biome-api-v1$lambda$modifyCodec$0$1 in fabric-biome-api-v1.mixins.json:TheEndBiomeSourceMixin from mod fabric-biome-api-v1
[17:14:23] [main/DEBUG] (FabricLoader/Mixin) fabric-biome-api-v1.mixins.json:TheEndBiomeSourceMixin from mod fabric-biome-api-v1->@Inject::modifyCodec(Lorg/spongepowered/asm/mixin/injection/callback/CallbackInfo;)V doesn't use it's CallbackInfo
[17:14:23] [main/DEBUG] (FabricLoader/Mixin) fabric-biome-api-v1.mixins.json:TheEndBiomeSourceMixin from mod fabric-biome-api-v1->@Inject::rememberLookup(Lnet/minecraft/registry/RegistryEntryLookup;Lorg/spongepowered/asm/mixin/injection/callback/CallbackInfoReturnable;)V doesn't use it's CallbackInfoReturnable
[17:14:23] [main/DEBUG] (FabricLoader/Mixin) fabric-biome-api-v1.mixins.json:TheEndBiomeSourceMixin from mod fabric-biome-api-v1->@Inject::clearLookup(Lnet/minecraft/registry/RegistryEntryLookup;Lorg/spongepowered/asm/mixin/injection/callback/CallbackInfoReturnable;)V doesn't use it's CallbackInfoReturnable
[17:14:23] [main/DEBUG] (FabricLoader/Mixin) fabric-biome-api-v1.mixins.json:TheEndBiomeSourceMixin from mod fabric-biome-api-v1->@Inject::init(Lnet/minecraft/registry/entry/RegistryEntry;Lnet/minecraft/registry/entry/RegistryEntry;Lnet/minecraft/registry/entry/RegistryEntry;Lnet/minecraft/registry/entry/RegistryEntry;Lnet/minecraft/registry/entry/RegistryEntry;Lorg/spongepowered/asm/mixin/injection/callback/CallbackInfo;)V doesn't use it's CallbackInfo
[17:14:23] [main/DEBUG] (FabricLoader/Mixin) fabric-biome-api-v1.mixins.json:TheEndBiomeSourceMixin from mod fabric-biome-api-v1->@Inject::init(Lnet/minecraft/registry/entry/RegistryEntry;Lnet/minecraft/registry/entry/RegistryEntry;Lnet/minecraft/registry/entry/RegistryEntry;Lnet/minecraft/registry/entry/RegistryEntry;Lnet/minecraft/registry/entry/RegistryEntry;Lorg/spongepowered/asm/mixin/injection/callback/CallbackInfo;)V has 0 override(s) in child classes
[17:14:23] [main/DEBUG] (FabricLoader/Mixin) fabric-biome-api-v1.mixins.json:TheEndBiomeSourceMixin from mod fabric-biome-api-v1->@Inject::init(Lnet/minecraft/registry/entry/RegistryEntry;Lnet/minecraft/registry/entry/RegistryEntry;Lnet/minecraft/registry/entry/RegistryEntry;Lnet/minecraft/registry/entry/RegistryEntry;Lnet/minecraft/registry/entry/RegistryEntry;Lorg/spongepowered/asm/mixin/injection/callback/CallbackInfo;)V won't be passed a CallbackInfo as a result
[17:14:23] [main/DEBUG] (FabricLoader/Mixin) fabric-biome-api-v1.mixins.json:TheEndBiomeSourceMixin from mod fabric-biome-api-v1->@Inject::getWeightedEndBiome(IIILnet/minecraft/world/biome/source/util/MultiNoiseUtil$MultiNoiseSampler;Lorg/spongepowered/asm/mixin/injection/callback/CallbackInfoReturnable;)V does use it's CallbackInfoReturnable
[17:14:23] [main/DEBUG] (FabricLoader/Mixin) fabric-biome-api-v1.mixins.json:TheEndBiomeSourceMixin from mod fabric-biome-api-v1->@Inject::getWeightedEndBiome(IIILnet/minecraft/world/biome/source/util/MultiNoiseUtil$MultiNoiseSampler;Lorg/spongepowered/asm/mixin/injection/callback/CallbackInfoReturnable;)V does use it's CallbackInfoReturnable
[17:14:23] [main/DEBUG] (FabricLoader/Mixin) fabric-biome-api-v1.mixins.json:TheEndBiomeSourceMixin from mod fabric-biome-api-v1->@Inject::getWeightedEndBiome(IIILnet/minecraft/world/biome/source/util/MultiNoiseUtil$MultiNoiseSampler;Lorg/spongepowered/asm/mixin/injection/callback/CallbackInfoReturnable;)V does use it's CallbackInfoReturnable
[17:14:23] [main/DEBUG] (FabricLoader/Mixin) fabric-biome-api-v1.mixins.json:TheEndBiomeSourceMixin from mod fabric-biome-api-v1->@Inject::getWeightedEndBiome(IIILnet/minecraft/world/biome/source/util/MultiNoiseUtil$MultiNoiseSampler;Lorg/spongepowered/asm/mixin/injection/callback/CallbackInfoReturnable;)V does use it's CallbackInfoReturnable
[17:14:23] [main/DEBUG] (FabricLoader/Mixin) fabric-biome-api-v1.mixins.json:TheEndBiomeSourceMixin from mod fabric-biome-api-v1->@Inject::getWeightedEndBiome(IIILnet/minecraft/world/biome/source/util/MultiNoiseUtil$MultiNoiseSampler;Lorg/spongepowered/asm/mixin/injection/callback/CallbackInfoReturnable;)V does use it's CallbackInfoReturnable
[17:14:23] [main/DEBUG] (FabricLoader/Mixin) Mixing serialization.DataResultMixin$DataResultErrorMixin from owo.mixins.json into com.mojang.serialization.DataResult$Error
[17:14:23] [main/DEBUG] (FabricLoader/Mixin) owo.mixins.json:serialization.DataResultMixin$DataResultErrorMixin from mod owo: Class version 65 required is higher than the class version supported by the current version of Mixin (JAVA_16 supports class version 60)
[17:14:23] [main/DEBUG] (FabricLoader/Mixin) Renaming synthetic method lambda$addStackTraceToException$0(Ljava/util/function/Function;Ljava/lang/String;)Ljava/lang/Throwable; to md5eac00$owo$lambda$addStackTraceToException$0$0 in owo.mixins.json:serialization.DataResultMixin$DataResultErrorMixin from mod owo
[17:14:23] [main/DEBUG] (FabricLoader/Mixin) owo.mixins.json:serialization.DataResultMixin$DataResultErrorMixin from mod owo->@Inject::addStackTraceToException(Lorg/spongepowered/asm/mixin/injection/callback/CallbackInfoReturnable;)V doesn't use it's CallbackInfoReturnable
[17:14:23] [main/DEBUG] (FabricLoader/Mixin) owo.mixins.json:serialization.DataResultMixin$DataResultErrorMixin from mod owo->@Inject::addStackTraceToException(Lorg/spongepowered/asm/mixin/injection/callback/CallbackInfoReturnable;)V doesn't use it's CallbackInfoReturnable
[17:14:23] [main/DEBUG] (FabricLoader/Mixin) Mixing DebugChunkGeneratorAccessor from fabric-registry-sync-v0.mixins.json into net.minecraft.world.gen.chunk.DebugChunkGenerator
[17:14:23] [main/DEBUG] (FabricLoader/Mixin) Renaming @Accessor method setBLOCK_STATES(Ljava/util/List;)V to setBLOCK_STATES$fabric-registry-sync-v0_$md$5eac00$0 in fabric-registry-sync-v0.mixins.json:DebugChunkGeneratorAccessor from mod fabric-registry-sync-v0
[17:14:23] [main/DEBUG] (FabricLoader/Mixin) Renaming @Accessor method setX_SIDE_LENGTH(I)V to setX_SIDE_LENGTH$fabric-registry-sync-v0_$md$5eac00$1 in fabric-registry-sync-v0.mixins.json:DebugChunkGeneratorAccessor from mod fabric-registry-sync-v0
[17:14:23] [main/DEBUG] (FabricLoader/Mixin) Renaming @Accessor method setZ_SIDE_LENGTH(I)V to setZ_SIDE_LENGTH$fabric-registry-sync-v0_$md$5eac00$2 in fabric-registry-sync-v0.mixins.json:DebugChunkGeneratorAccessor from mod fabric-registry-sync-v0
[17:14:23] [main/DEBUG] (FabricLoader/Mixin) Mixing GameRuleRpcDispatcherTypedRuleMixin from fabric-game-rule-api-v1.mixins.json into net.minecraft.server.dedicated.management.dispatch.GameRuleRpcDispatcher$TypedRule
[17:14:23] [main/DEBUG] (FabricLoader/Mixin) Renaming synthetic method lambda$static$3(Lnet/minecraft/server/dedicated/management/dispatch/GameRuleRpcDispatcher$TypedRule;)Lcom/mojang/datafixers/util/Either; to md5eac00$fabric-game-rule-api-v1$lambda$static$3$0 in fabric-game-rule-api-v1.mixins.json:GameRuleRpcDispatcherTypedRuleMixin from mod fabric-game-rule-api-v1
[17:14:23] [main/DEBUG] (FabricLoader/Mixin) Renaming synthetic method lambda$static$2(Lcom/mojang/datafixers/util/Either;)Lnet/minecraft/server/dedicated/management/dispatch/GameRuleRpcDispatcher$TypedRule; to md5eac00$fabric-game-rule-api-v1$lambda$static$2$1 in fabric-game-rule-api-v1.mixins.json:GameRuleRpcDispatcherTypedRuleMixin from mod fabric-game-rule-api-v1
[17:14:23] [main/DEBUG] (FabricLoader/Mixin) Renaming synthetic method lambda$static$1(Lcom/mojang/serialization/codecs/RecordCodecBuilder$Instance;)Lcom/mojang/datafixers/kinds/App; to md5eac00$fabric-game-rule-api-v1$lambda$static$1$2 in fabric-game-rule-api-v1.mixins.json:GameRuleRpcDispatcherTypedRuleMixin from mod fabric-game-rule-api-v1
[17:14:23] [main/DEBUG] (FabricLoader/Mixin) Renaming synthetic method lambda$static$0(Lnet/minecraft/server/dedicated/management/dispatch/GameRuleRpcDispatcher$TypedRule;)Lnet/fabricmc/fabric/impl/gamerule/rpc/FabricGameRuleType; to md5eac00$fabric-game-rule-api-v1$lambda$static$0$3 in fabric-game-rule-api-v1.mixins.json:GameRuleRpcDispatcherTypedRuleMixin from mod fabric-game-rule-api-v1
[17:14:23] [main/DEBUG] (FabricLoader/Mixin) Mixing GameRulesBooleanRuleAccessor from fabric-game-rule-api-v1.mixins.json into net.minecraft.world.GameRules$BooleanRule
[17:14:23] [main/DEBUG] (FabricLoader/Mixin) Renaming @Invoker method invokeCreate(ZLjava/util/function/BiConsumer;)Lnet/minecraft/world/GameRules$Type; to invokeCreate$fabric-game-rule-api-v1_$md$5eac00$0 in fabric-game-rule-api-v1.mixins.json:GameRulesBooleanRuleAccessor from mod fabric-game-rule-api-v1
[17:14:23] [main/DEBUG] (FabricLoader/Mixin) Mixing GameRulesAccessor from fabric-game-rule-api-v1.mixins.json into net.minecraft.world.GameRules
[17:14:23] [main/DEBUG] (FabricLoader/Mixin) Renaming @Invoker method callRegister(Ljava/lang/String;Lnet/minecraft/world/GameRules$Category;Lnet/minecraft/world/GameRules$Type;)Lnet/minecraft/world/GameRules$Key; to callRegister$fabric-game-rule-api-v1_$md$5eac00$0 in fabric-game-rule-api-v1.mixins.json:GameRulesAccessor from mod fabric-game-rule-api-v1
[17:14:23] [main/DEBUG] (FabricLoader/Mixin) Renaming @Accessor method getRuleTypes()Ljava/util/Map; to getRuleTypes$fabric-game-rule-api-v1_$md$5eac00$1 in fabric-game-rule-api-v1.mixins.json:GameRulesAccessor from mod fabric-game-rule-api-v1
[17:14:23] [main/DEBUG] (FabricLoader/Mixin) Mixing GameRulesKeyMixin from fabric-game-rule-api-v1.mixins.json into net.minecraft.world.GameRules$Key
[17:14:23] [main/DEBUG] (FabricLoader/Mixin) Mixing MinecraftServerMixin from fabric-message-api-v1.mixins.json into net.minecraft.server.MinecraftServer
[17:14:23] [main/DEBUG] (FabricLoader/Mixin) Renaming synthetic method lambda$onGetChatDecorator$0(Lnet/minecraft/server/network/ServerPlayerEntity;Lnet/minecraft/text/Text;)Lnet/minecraft/text/Text; to md5eac00$fabric-message-api-v1$lambda$onGetChatDecorator$0$0 in fabric-message-api-v1.mixins.json:MinecraftServerMixin from mod fabric-message-api-v1
[17:14:23] [main/DEBUG] (FabricLoader/Mixin) Mixing MinecraftServerMixin from fabric-resource-loader-v1.mixins.json into net.minecraft.server.MinecraftServer
[17:14:23] [main/DEBUG] (FabricLoader/Mixin) Mixing modification.MinecraftServerMixin from fabric-biome-api-v1.mixins.json into net.minecraft.server.MinecraftServer
[17:14:23] [main/DEBUG] (FabricLoader/Mixin) Mixing MinecraftServerMixin from fabric-lifecycle-events-v1.mixins.json into net.minecraft.server.MinecraftServer
[17:14:23] [main/DEBUG] (FabricLoader/Mixin) Renaming synthetic method lambda$endResourceReload$0(Ljava/lang/Void;Ljava/lang/Throwable;)Ljava/lang/Void; to md5eac00$fabric-lifecycle-events-v1$lambda$endResourceReload$0$1 in fabric-lifecycle-events-v1.mixins.json:MinecraftServerMixin from mod fabric-lifecycle-events-v1
[17:14:23] [main/DEBUG] (FabricLoader/Mixin) Mixing client.MixinMinecraftServerClientOnly from notenoughcrashes.mixins.json into net.minecraft.server.MinecraftServer
[17:14:23] [main/DEBUG] (FabricLoader/Mixin) Mixing MinecraftServerMixin from fabric-resource-loader-v0.mixins.json into net.minecraft.server.MinecraftServer
[17:14:23] [main/DEBUG] (FabricLoader/Mixin) Renaming synthetic method lambda$init$0(Lnet/minecraft/resource/ResourcePack;)Ljava/util/stream/Stream; to md5eac00$fabric-resource-loader-v0$lambda$init$0$2 in fabric-resource-loader-v0.mixins.json:MinecraftServerMixin from mod fabric-resource-loader-v0
[17:14:23] [main/DEBUG] (FabricLoader/Mixin) fabric-message-api-v1.mixins.json:MinecraftServerMixin from mod fabric-message-api-v1->@Inject::onGetChatDecorator(Lorg/spongepowered/asm/mixin/injection/callback/CallbackInfoReturnable;)V does use it's CallbackInfoReturnable
[17:14:23] [main/DEBUG] (FabricLoader/Mixin) fabric-biome-api-v1.mixins.json:modification.MinecraftServerMixin from mod fabric-biome-api-v1->@Inject::finalizeWorldGen(Lorg/spongepowered/asm/mixin/injection/callback/CallbackInfo;)V doesn't use it's CallbackInfo
[17:14:23] [main/DEBUG] (FabricLoader/Mixin) fabric-biome-api-v1.mixins.json:modification.MinecraftServerMixin from mod fabric-biome-api-v1->@Inject::finalizeWorldGen(Lorg/spongepowered/asm/mixin/injection/callback/CallbackInfo;)V has 0 override(s) in child classes
[17:14:23] [main/DEBUG] (FabricLoader/Mixin) fabric-biome-api-v1.mixins.json:modification.MinecraftServerMixin from mod fabric-biome-api-v1->@Inject::finalizeWorldGen(Lorg/spongepowered/asm/mixin/injection/callback/CallbackInfo;)V won't be passed a CallbackInfo as a result
[17:14:23] [main/DEBUG] (FabricLoader/Mixin) fabric-lifecycle-events-v1.mixins.json:MinecraftServerMixin from mod fabric-lifecycle-events-v1->@Inject::beforeSetupServer(Lorg/spongepowered/asm/mixin/injection/callback/CallbackInfo;)V doesn't use it's CallbackInfo
[17:14:23] [main/DEBUG] (FabricLoader/Mixin) fabric-lifecycle-events-v1.mixins.json:MinecraftServerMixin from mod fabric-lifecycle-events-v1->@Inject::beforeSetupServer(Lorg/spongepowered/asm/mixin/injection/callback/CallbackInfo;)V has 0 override(s) in child classes
[17:14:23] [main/DEBUG] (FabricLoader/Mixin) fabric-lifecycle-events-v1.mixins.json:MinecraftServerMixin from mod fabric-lifecycle-events-v1->@Inject::beforeSetupServer(Lorg/spongepowered/asm/mixin/injection/callback/CallbackInfo;)V won't be passed a CallbackInfo as a result
[17:14:23] [main/DEBUG] (FabricLoader/Mixin) fabric-lifecycle-events-v1.mixins.json:MinecraftServerMixin from mod fabric-lifecycle-events-v1->@Inject::afterSetupServer(Lorg/spongepowered/asm/mixin/injection/callback/CallbackInfo;)V doesn't use it's CallbackInfo
[17:14:23] [main/DEBUG] (FabricLoader/Mixin) fabric-lifecycle-events-v1.mixins.json:MinecraftServerMixin from mod fabric-lifecycle-events-v1->@Inject::afterSetupServer(Lorg/spongepowered/asm/mixin/injection/callback/CallbackInfo;)V has 0 override(s) in child classes
[17:14:23] [main/DEBUG] (FabricLoader/Mixin) fabric-lifecycle-events-v1.mixins.json:MinecraftServerMixin from mod fabric-lifecycle-events-v1->@Inject::afterSetupServer(Lorg/spongepowered/asm/mixin/injection/callback/CallbackInfo;)V won't be passed a CallbackInfo as a result
[17:14:23] [main/DEBUG] (FabricLoader/Mixin) fabric-lifecycle-events-v1.mixins.json:MinecraftServerMixin from mod fabric-lifecycle-events-v1->@Inject::beforeShutdownServer(Lorg/spongepowered/asm/mixin/injection/callback/CallbackInfo;)V doesn't use it's CallbackInfo
[17:14:23] [main/DEBUG] (FabricLoader/Mixin) fabric-lifecycle-events-v1.mixins.json:MinecraftServerMixin from mod fabric-lifecycle-events-v1->@Inject::beforeShutdownServer(Lorg/spongepowered/asm/mixin/injection/callback/CallbackInfo;)V has 0 override(s) in child classes
[17:14:23] [main/DEBUG] (FabricLoader/Mixin) fabric-lifecycle-events-v1.mixins.json:MinecraftServerMixin from mod fabric-lifecycle-events-v1->@Inject::beforeShutdownServer(Lorg/spongepowered/asm/mixin/injection/callback/CallbackInfo;)V won't be passed a CallbackInfo as a result
[17:14:23] [main/DEBUG] (FabricLoader/Mixin) fabric-lifecycle-events-v1.mixins.json:MinecraftServerMixin from mod fabric-lifecycle-events-v1->@Inject::afterShutdownServer(Lorg/spongepowered/asm/mixin/injection/callback/CallbackInfo;)V doesn't use it's CallbackInfo
[17:14:23] [main/DEBUG] (FabricLoader/Mixin) fabric-lifecycle-events-v1.mixins.json:MinecraftServerMixin from mod fabric-lifecycle-events-v1->@Inject::afterShutdownServer(Lorg/spongepowered/asm/mixin/injection/callback/CallbackInfo;)V has 0 override(s) in child classes
[17:14:23] [main/DEBUG] (FabricLoader/Mixin) fabric-lifecycle-events-v1.mixins.json:MinecraftServerMixin from mod fabric-lifecycle-events-v1->@Inject::afterShutdownServer(Lorg/spongepowered/asm/mixin/injection/callback/CallbackInfo;)V won't be passed a CallbackInfo as a result
[17:14:23] [main/DEBUG] (FabricLoader/Mixin) fabric-lifecycle-events-v1.mixins.json:MinecraftServerMixin from mod fabric-lifecycle-events-v1->@Inject::onStartTick(Ljava/util/function/BooleanSupplier;Lorg/spongepowered/asm/mixin/injection/callback/CallbackInfo;)V doesn't use it's CallbackInfo
[17:14:23] [main/DEBUG] (FabricLoader/Mixin) fabric-lifecycle-events-v1.mixins.json:MinecraftServerMixin from mod fabric-lifecycle-events-v1->@Inject::onStartTick(Ljava/util/function/BooleanSupplier;Lorg/spongepowered/asm/mixin/injection/callback/CallbackInfo;)V has 0 override(s) in child classes
[17:14:23] [main/DEBUG] (FabricLoader/Mixin) fabric-lifecycle-events-v1.mixins.json:MinecraftServerMixin from mod fabric-lifecycle-events-v1->@Inject::onStartTick(Ljava/util/function/BooleanSupplier;Lorg/spongepowered/asm/mixin/injection/callback/CallbackInfo;)V won't be passed a CallbackInfo as a result
[17:14:23] [main/DEBUG] (FabricLoader/Mixin) fabric-lifecycle-events-v1.mixins.json:MinecraftServerMixin from mod fabric-lifecycle-events-v1->@Inject::onEndTick(Ljava/util/function/BooleanSupplier;Lorg/spongepowered/asm/mixin/injection/callback/CallbackInfo;)V doesn't use it's CallbackInfo
[17:14:23] [main/DEBUG] (FabricLoader/Mixin) fabric-lifecycle-events-v1.mixins.json:MinecraftServerMixin from mod fabric-lifecycle-events-v1->@Inject::onEndTick(Ljava/util/function/BooleanSupplier;Lorg/spongepowered/asm/mixin/injection/callback/CallbackInfo;)V has 0 override(s) in child classes
[17:14:23] [main/DEBUG] (FabricLoader/Mixin) fabric-lifecycle-events-v1.mixins.json:MinecraftServerMixin from mod fabric-lifecycle-events-v1->@Inject::onEndTick(Ljava/util/function/BooleanSupplier;Lorg/spongepowered/asm/mixin/injection/callback/CallbackInfo;)V won't be passed a CallbackInfo as a result
[17:14:23] [main/DEBUG] (FabricLoader/Mixin) fabric-lifecycle-events-v1.mixins.json:MinecraftServerMixin from mod fabric-lifecycle-events-v1->@Inject::onUnloadWorldAtShutdown(Lorg/spongepowered/asm/mixin/injection/callback/CallbackInfo;)V doesn't use it's CallbackInfo
[17:14:23] [main/DEBUG] (FabricLoader/Mixin) fabric-lifecycle-events-v1.mixins.json:MinecraftServerMixin from mod fabric-lifecycle-events-v1->@Inject::onUnloadWorldAtShutdown(Lorg/spongepowered/asm/mixin/injection/callback/CallbackInfo;)V has 0 override(s) in child classes
[17:14:23] [main/DEBUG] (FabricLoader/Mixin) fabric-lifecycle-events-v1.mixins.json:MinecraftServerMixin from mod fabric-lifecycle-events-v1->@Inject::onUnloadWorldAtShutdown(Lorg/spongepowered/asm/mixin/injection/callback/CallbackInfo;)V won't be passed a CallbackInfo as a result
[17:14:23] [main/DEBUG] (FabricLoader/Mixin) fabric-lifecycle-events-v1.mixins.json:MinecraftServerMixin from mod fabric-lifecycle-events-v1->@Inject::startResourceReload(Ljava/util/Collection;Lorg/spongepowered/asm/mixin/injection/callback/CallbackInfoReturnable;)V doesn't use it's CallbackInfoReturnable
[17:14:23] [main/DEBUG] (FabricLoader/Mixin) fabric-lifecycle-events-v1.mixins.json:MinecraftServerMixin from mod fabric-lifecycle-events-v1->@Inject::startResourceReload(Ljava/util/Collection;Lorg/spongepowered/asm/mixin/injection/callback/CallbackInfoReturnable;)V has 0 override(s) in child classes
[17:14:23] [main/DEBUG] (FabricLoader/Mixin) fabric-lifecycle-events-v1.mixins.json:MinecraftServerMixin from mod fabric-lifecycle-events-v1->@Inject::startResourceReload(Ljava/util/Collection;Lorg/spongepowered/asm/mixin/injection/callback/CallbackInfoReturnable;)V won't be passed a CallbackInfoReturnable as a result
[17:14:23] [main/DEBUG] (FabricLoader/Mixin) fabric-lifecycle-events-v1.mixins.json:MinecraftServerMixin from mod fabric-lifecycle-events-v1->@Inject::endResourceReload(Ljava/util/Collection;Lorg/spongepowered/asm/mixin/injection/callback/CallbackInfoReturnable;)V does use it's CallbackInfoReturnable
[17:14:23] [main/DEBUG] (FabricLoader/Mixin) fabric-lifecycle-events-v1.mixins.json:MinecraftServerMixin from mod fabric-lifecycle-events-v1->@Inject::startSave(ZZZLorg/spongepowered/asm/mixin/injection/callback/CallbackInfoReturnable;)V doesn't use it's CallbackInfoReturnable
[17:14:23] [main/DEBUG] (FabricLoader/Mixin) fabric-lifecycle-events-v1.mixins.json:MinecraftServerMixin from mod fabric-lifecycle-events-v1->@Inject::startSave(ZZZLorg/spongepowered/asm/mixin/injection/callback/CallbackInfoReturnable;)V has 0 override(s) in child classes
[17:14:23] [main/DEBUG] (FabricLoader/Mixin) fabric-lifecycle-events-v1.mixins.json:MinecraftServerMixin from mod fabric-lifecycle-events-v1->@Inject::startSave(ZZZLorg/spongepowered/asm/mixin/injection/callback/CallbackInfoReturnable;)V won't be passed a CallbackInfoReturnable as a result
[17:14:23] [main/DEBUG] (FabricLoader/Mixin) fabric-lifecycle-events-v1.mixins.json:MinecraftServerMixin from mod fabric-lifecycle-events-v1->@Inject::endSave(ZZZLorg/spongepowered/asm/mixin/injection/callback/CallbackInfoReturnable;)V doesn't use it's CallbackInfoReturnable
[17:14:23] [main/DEBUG] (FabricLoader/Mixin) fabric-lifecycle-events-v1.mixins.json:MinecraftServerMixin from mod fabric-lifecycle-events-v1->@Inject::endSave(ZZZLorg/spongepowered/asm/mixin/injection/callback/CallbackInfoReturnable;)V has 0 override(s) in child classes
[17:14:23] [main/DEBUG] (FabricLoader/Mixin) fabric-lifecycle-events-v1.mixins.json:MinecraftServerMixin from mod fabric-lifecycle-events-v1->@Inject::endSave(ZZZLorg/spongepowered/asm/mixin/injection/callback/CallbackInfoReturnable;)V won't be passed a CallbackInfoReturnable as a result
[17:14:23] [main/DEBUG] (FabricLoader/Mixin) fabric-resource-loader-v0.mixins.json:MinecraftServerMixin from mod fabric-resource-loader-v0->@Inject::init(Ljava/lang/Thread;Lnet/minecraft/world/level/storage/LevelStorage$Session;Lnet/minecraft/resource/ResourcePackManager;Lnet/minecraft/server/SaveLoader;Ljava/net/Proxy;Lcom/mojang/datafixers/DataFixer;Lnet/minecraft/util/ApiServices;Lnet/minecraft/world/chunk/ChunkLoadProgress;Lorg/spongepowered/asm/mixin/injection/callback/CallbackInfo;)V doesn't use it's CallbackInfo
[17:14:23] [main/DEBUG] (FabricLoader/Mixin) fabric-resource-loader-v0.mixins.json:MinecraftServerMixin from mod fabric-resource-loader-v0->@Inject::init(Ljava/lang/Thread;Lnet/minecraft/world/level/storage/LevelStorage$Session;Lnet/minecraft/resource/ResourcePackManager;Lnet/minecraft/server/SaveLoader;Ljava/net/Proxy;Lcom/mojang/datafixers/DataFixer;Lnet/minecraft/util/ApiServices;Lnet/minecraft/world/chunk/ChunkLoadProgress;Lorg/spongepowered/asm/mixin/injection/callback/CallbackInfo;)V has 0 override(s) in child classes
[17:14:23] [main/DEBUG] (FabricLoader/Mixin) fabric-resource-loader-v0.mixins.json:MinecraftServerMixin from mod fabric-resource-loader-v0->@Inject::init(Ljava/lang/Thread;Lnet/minecraft/world/level/storage/LevelStorage$Session;Lnet/minecraft/resource/ResourcePackManager;Lnet/minecraft/server/SaveLoader;Ljava/net/Proxy;Lcom/mojang/datafixers/DataFixer;Lnet/minecraft/util/ApiServices;Lnet/minecraft/world/chunk/ChunkLoadProgress;Lorg/spongepowered/asm/mixin/injection/callback/CallbackInfo;)V won't be passed a CallbackInfo as a result
[17:14:23] [main/DEBUG] (FabricLoader/Mixin) Mixing client.item.BasicItemModelUnbakedMixin from fabric-renderer-api-v1.mixins.json into net.minecraft.client.render.item.model.BasicItemModel$Unbaked
[17:14:23] [main/DEBUG] (FabricLoader/Mixin) Mixing client.item.BasicItemModelMixin from fabric-renderer-api-v1.mixins.json into net.minecraft.client.render.item.model.BasicItemModel
[17:14:23] [main/DEBUG] (FabricLoader/Mixin) Renaming synthetic method lambda$fabric_setMesh$0(Lnet/fabricmc/fabric/api/renderer/v1/model/SpriteFinder;Lnet/fabricmc/fabric/api/renderer/v1/mesh/QuadView;)V to md5eac00$fabric-renderer-api-v1$lambda$fabric_setMesh$0$0 in fabric-renderer-api-v1.mixins.json:client.item.BasicItemModelMixin from mod fabric-renderer-api-v1
[17:14:23] [main/DEBUG] (FabricLoader/Mixin) fabric-renderer-api-v1.mixins.json:client.item.BasicItemModelMixin from mod fabric-renderer-api-v1->@Inject::onReturnUpdate(Lorg/spongepowered/asm/mixin/injection/callback/CallbackInfo;)V doesn't use it's CallbackInfo
[17:14:23] [main/DEBUG] (FabricLoader/Mixin) fabric-renderer-api-v1.mixins.json:client.item.BasicItemModelMixin from mod fabric-renderer-api-v1->@Inject::onReturnUpdate(Lorg/spongepowered/asm/mixin/injection/callback/CallbackInfo;)V has 0 override(s) in child classes
[17:14:23] [main/DEBUG] (FabricLoader/Mixin) fabric-renderer-api-v1.mixins.json:client.item.BasicItemModelMixin from mod fabric-renderer-api-v1->@Inject::onReturnUpdate(Lorg/spongepowered/asm/mixin/injection/callback/CallbackInfo;)V won't be passed a CallbackInfo as a result
[17:14:23] [main/DEBUG] (FabricLoader/Mixin) Mixing SpecialModelTypesMixin from fabric-rendering-v1.mixins.json into net.minecraft.client.render.item.model.special.SpecialModelTypes
[17:14:23] [main/DEBUG] (FabricLoader/Mixin) fabric-rendering-v1.mixins.json:SpecialModelTypesMixin from mod fabric-rendering-v1->@Inject::onReturnClinit(Lorg/spongepowered/asm/mixin/injection/callback/CallbackInfo;)V doesn't use it's CallbackInfo
[17:14:23] [main/DEBUG] (FabricLoader/Mixin) Mixing TexturedRenderLayersMixin from fabric-object-builder-v1.client.mixins.json into net.minecraft.client.render.TexturedRenderLayers
[17:14:23] [main/DEBUG] (FabricLoader/Mixin) fabric-object-builder-v1.client.mixins.json:TexturedRenderLayersMixin from mod fabric-object-builder-api-v1->@Inject::onReturnClinit(Lorg/spongepowered/asm/mixin/injection/callback/CallbackInfo;)V doesn't use it's CallbackInfo
[17:14:23] [main/DEBUG] (FabricLoader/Mixin) Mixing client.sprite.SpriteAtlasTextureMixin from fabric-renderer-api-v1.mixins.json into net.minecraft.client.texture.SpriteAtlasTexture
[17:14:23] [main/DEBUG] (FabricLoader/Mixin) fabric-renderer-api-v1.mixins.json:client.sprite.SpriteAtlasTextureMixin from mod fabric-renderer-api-v1->@Inject::uploadHook(Lnet/minecraft/client/texture/SpriteLoader$StitchResult;Lorg/spongepowered/asm/mixin/injection/callback/CallbackInfo;)V doesn't use it's CallbackInfo
[17:14:23] [main/DEBUG] (FabricLoader/Mixin) fabric-renderer-api-v1.mixins.json:client.sprite.SpriteAtlasTextureMixin from mod fabric-renderer-api-v1->@Inject::uploadHook(Lnet/minecraft/client/texture/SpriteLoader$StitchResult;Lorg/spongepowered/asm/mixin/injection/callback/CallbackInfo;)V has 0 override(s) in child classes
[17:14:23] [main/DEBUG] (FabricLoader/Mixin) fabric-renderer-api-v1.mixins.json:client.sprite.SpriteAtlasTextureMixin from mod fabric-renderer-api-v1->@Inject::uploadHook(Lnet/minecraft/client/texture/SpriteLoader$StitchResult;Lorg/spongepowered/asm/mixin/injection/callback/CallbackInfo;)V won't be passed a CallbackInfo as a result
[17:14:23] [main/DEBUG] (FabricLoader/Mixin) Mixing RenderPipelineSnippetMixin from fabric-rendering-v1.mixins.json into com.mojang.blaze3d.pipeline.RenderPipeline$Snippet
[17:14:23] [main/DEBUG] (FabricLoader/Mixin) Mixing RenderPipelineMixin from fabric-rendering-v1.mixins.json into com.mojang.blaze3d.pipeline.RenderPipeline
[17:14:23] [main/DEBUG] (FabricLoader/Mixin) Mixing RenderPipelineBuilderMixin from fabric-rendering-v1.mixins.json into com.mojang.blaze3d.pipeline.RenderPipeline$Builder
[17:14:23] [main/DEBUG] (FabricLoader/Mixin) Renaming synthetic method lambda$copyUsePipelineDrawModeForGuiToSnippet$1(Lcom/llamalad7/mixinextras/injector/wrapoperation/Operation;Ljava/util/Optional;Ljava/util/Optional;Ljava/util/Optional;Ljava/util/Optional;Ljava/util/Optional;Ljava/util/Optional;Ljava/util/Optional;Ljava/util/Optional;Ljava/util/Optional;Ljava/util/Optional;Ljava/util/Optional;Ljava/util/Optional;Ljava/util/Optional;Ljava/util/Optional;Ljava/util/Optional;)Lcom/mojang/blaze3d/pipeline/RenderPipeline$Snippet; to md5eac00$fabric-rendering-v1$lambda$copyUsePipelineDrawModeForGuiToSnippet$1$0 in fabric-rendering-v1.mixins.json:RenderPipelineBuilderMixin from mod fabric-rendering-v1
[17:14:23] [main/DEBUG] (FabricLoader/Mixin) Renaming synthetic method lambda$copyUsePipelineDrawModeForGuiFromSnippet$0(Ljava/lang/Boolean;)V to md5eac00$fabric-rendering-v1$lambda$copyUsePipelineDrawModeForGuiFromSnippet$0$1 in fabric-rendering-v1.mixins.json:RenderPipelineBuilderMixin from mod fabric-rendering-v1
[17:14:23] [main/DEBUG] (FabricLoader/Mixin) fabric-rendering-v1.mixins.json:RenderPipelineBuilderMixin from mod fabric-rendering-v1->@Inject::copyUsePipelineDrawModeForGuiFromSnippet(Lcom/mojang/blaze3d/pipeline/RenderPipeline$Snippet;Lorg/spongepowered/asm/mixin/injection/callback/CallbackInfo;)V doesn't use it's CallbackInfo
[17:14:23] [main/DEBUG] (FabricLoader/Mixin) fabric-rendering-v1.mixins.json:RenderPipelineBuilderMixin from mod fabric-rendering-v1->@Inject::copyUsePipelineDrawModeForGuiFromSnippet(Lcom/mojang/blaze3d/pipeline/RenderPipeline$Snippet;Lorg/spongepowered/asm/mixin/injection/callback/CallbackInfo;)V has 0 override(s) in child classes
[17:14:23] [main/DEBUG] (FabricLoader/Mixin) fabric-rendering-v1.mixins.json:RenderPipelineBuilderMixin from mod fabric-rendering-v1->@Inject::copyUsePipelineDrawModeForGuiFromSnippet(Lcom/mojang/blaze3d/pipeline/RenderPipeline$Snippet;Lorg/spongepowered/asm/mixin/injection/callback/CallbackInfo;)V won't be passed a CallbackInfo as a result
[17:14:23] [main/DEBUG] (FabricLoader/Mixin) Mixing ItemRendererAccessor from fabric-renderer-indigo.mixins.json into net.minecraft.client.render.item.ItemRenderer
[17:14:23] [main/DEBUG] (FabricLoader/Mixin) Renaming @Invoker method fabric_getDynamicDisplayGlintConsumer(Lnet/minecraft/client/render/VertexConsumerProvider;Lnet/minecraft/client/render/RenderLayer;Lnet/minecraft/client/util/math/MatrixStack$Entry;)Lnet/minecraft/client/render/VertexConsumer; to fabric_getDynamicDisplayGlintConsumer$fabric-renderer-indigo_$md$5eac00$0 in fabric-renderer-indigo.mixins.json:ItemRendererAccessor from mod fabric-renderer-indigo
[17:14:23] [main/DEBUG] (FabricLoader/Mixin) Mixing RenderStateMixin from fabric-rendering-v1.mixins.json into net.minecraft.client.render.block.entity.state.BlockEntityRenderState
[17:14:23] [main/DEBUG] (FabricLoader/Mixin) Mixing ModelMixin from fabric-rendering-v1.mixins.json into net.minecraft.client.model.Model
[17:14:23] [main/DEBUG] (FabricLoader/Mixin) Renaming synthetic method lambda$copyTransforms$0(Ljava/lang/String;Lnet/minecraft/client/model/ModelPart;)V to md5eac00$fabric-rendering-v1$lambda$copyTransforms$0$0 in fabric-rendering-v1.mixins.json:ModelMixin from mod fabric-rendering-v1
[17:14:23] [main/DEBUG] (FabricLoader/Mixin) fabric-rendering-v1.mixins.json:ModelMixin from mod fabric-rendering-v1->@Inject::fillChildPartMap(Lnet/minecraft/client/model/ModelPart;Ljava/util/function/Function;Lorg/spongepowered/asm/mixin/injection/callback/CallbackInfo;)V doesn't use it's CallbackInfo
[17:14:23] [main/DEBUG] (FabricLoader/Mixin) fabric-rendering-v1.mixins.json:ModelMixin from mod fabric-rendering-v1->@Inject::fillChildPartMap(Lnet/minecraft/client/model/ModelPart;Ljava/util/function/Function;Lorg/spongepowered/asm/mixin/injection/callback/CallbackInfo;)V has 0 override(s) in child classes
[17:14:23] [main/DEBUG] (FabricLoader/Mixin) fabric-rendering-v1.mixins.json:ModelMixin from mod fabric-rendering-v1->@Inject::fillChildPartMap(Lnet/minecraft/client/model/ModelPart;Ljava/util/function/Function;Lorg/spongepowered/asm/mixin/injection/callback/CallbackInfo;)V won't be passed a CallbackInfo as a result
[17:14:23] [main/DEBUG] (FabricLoader/Mixin) Mixing KeyBindingAccessor from fabric-events-interaction-v0.client.mixins.json into net.minecraft.client.option.KeyBinding
[17:14:23] [main/DEBUG] (FabricLoader/Mixin) Mixing KeyBindingAccessor from fabric-key-binding-api-v1.mixins.json into net.minecraft.client.option.KeyBinding
[17:14:23] [main/DEBUG] (FabricLoader/Mixin) Mixing AtlasSourceManagerAccessor from fabric-rendering-v1.mixins.json into net.minecraft.client.texture.atlas.AtlasSourceManager
[17:14:23] [main/DEBUG] (FabricLoader/Mixin) Renaming @Accessor method getAtlasSourceCodecs()Lnet/minecraft/util/dynamic/Codecs$IdMapper; to getAtlasSourceCodecs$fabric-rendering-v1_$md$5eac00$0 in fabric-rendering-v1.mixins.json:AtlasSourceManagerAccessor from mod fabric-rendering-v1
[17:14:23] [main/DEBUG] (FabricLoader/Mixin) Mixing ClientWorldMixin from fabric-lifecycle-events-v1.client.mixins.json into net.minecraft.client.world.ClientWorld
[17:14:23] [main/DEBUG] (FabricLoader/Mixin) Mixing ClientWorldMixin from fabric-rendering-v1.mixins.json into net.minecraft.client.world.ClientWorld
[17:14:23] [main/DEBUG] (FabricLoader/Mixin) Renaming synthetic method lambda$new$1(Lnet/minecraft/world/biome/ColorResolver;)Lnet/minecraft/client/world/BiomeColorCache; to md5eac00$fabric-rendering-v1$lambda$new$1$0 in fabric-rendering-v1.mixins.json:ClientWorldMixin from mod fabric-rendering-v1
[17:14:23] [main/DEBUG] (FabricLoader/Mixin) Renaming synthetic method lambda$new$0(Lnet/minecraft/world/biome/ColorResolver;Lnet/minecraft/util/math/BlockPos;)I to md5eac00$fabric-rendering-v1$lambda$new$0$1 in fabric-rendering-v1.mixins.json:ClientWorldMixin from mod fabric-rendering-v1
[17:14:23] [main/DEBUG] (FabricLoader/Mixin) fabric-lifecycle-events-v1.client.mixins.json:ClientWorldMixin from mod fabric-lifecycle-events-v1->@Inject::tickWorldAfterBlockEntities(Lorg/spongepowered/asm/mixin/injection/callback/CallbackInfo;)V doesn't use it's CallbackInfo
[17:14:23] [main/DEBUG] (FabricLoader/Mixin) fabric-lifecycle-events-v1.client.mixins.json:ClientWorldMixin from mod fabric-lifecycle-events-v1->@Inject::tickWorldAfterBlockEntities(Lorg/spongepowered/asm/mixin/injection/callback/CallbackInfo;)V has 0 override(s) in child classes
[17:14:23] [main/DEBUG] (FabricLoader/Mixin) fabric-lifecycle-events-v1.client.mixins.json:ClientWorldMixin from mod fabric-lifecycle-events-v1->@Inject::tickWorldAfterBlockEntities(Lorg/spongepowered/asm/mixin/injection/callback/CallbackInfo;)V won't be passed a CallbackInfo as a result
[17:14:23] [main/DEBUG] (FabricLoader/Mixin) fabric-lifecycle-events-v1.client.mixins.json:ClientWorldMixin from mod fabric-lifecycle-events-v1->@Inject::startWorldTick(Lorg/spongepowered/asm/mixin/injection/callback/CallbackInfo;)V doesn't use it's CallbackInfo
[17:14:23] [main/DEBUG] (FabricLoader/Mixin) fabric-lifecycle-events-v1.client.mixins.json:ClientWorldMixin from mod fabric-lifecycle-events-v1->@Inject::startWorldTick(Lorg/spongepowered/asm/mixin/injection/callback/CallbackInfo;)V has 0 override(s) in child classes
[17:14:23] [main/DEBUG] (FabricLoader/Mixin) fabric-lifecycle-events-v1.client.mixins.json:ClientWorldMixin from mod fabric-lifecycle-events-v1->@Inject::startWorldTick(Lorg/spongepowered/asm/mixin/injection/callback/CallbackInfo;)V won't be passed a CallbackInfo as a result
[17:14:23] [main/DEBUG] (FabricLoader/Mixin) fabric-rendering-v1.mixins.json:ClientWorldMixin from mod fabric-rendering-v1->@Inject::onResetChunkColor(Lnet/minecraft/util/math/ChunkPos;Lorg/spongepowered/asm/mixin/injection/callback/CallbackInfo;)V doesn't use it's CallbackInfo
[17:14:23] [main/DEBUG] (FabricLoader/Mixin) fabric-rendering-v1.mixins.json:ClientWorldMixin from mod fabric-rendering-v1->@Inject::onResetChunkColor(Lnet/minecraft/util/math/ChunkPos;Lorg/spongepowered/asm/mixin/injection/callback/CallbackInfo;)V has 0 override(s) in child classes
[17:14:23] [main/DEBUG] (FabricLoader/Mixin) fabric-rendering-v1.mixins.json:ClientWorldMixin from mod fabric-rendering-v1->@Inject::onResetChunkColor(Lnet/minecraft/util/math/ChunkPos;Lorg/spongepowered/asm/mixin/injection/callback/CallbackInfo;)V won't be passed a CallbackInfo as a result
[17:14:23] [main/DEBUG] (FabricLoader/Mixin) fabric-rendering-v1.mixins.json:ClientWorldMixin from mod fabric-rendering-v1->@Inject::onReloadColor(Lorg/spongepowered/asm/mixin/injection/callback/CallbackInfo;)V doesn't use it's CallbackInfo
[17:14:23] [main/DEBUG] (FabricLoader/Mixin) fabric-rendering-v1.mixins.json:ClientWorldMixin from mod fabric-rendering-v1->@Inject::onReloadColor(Lorg/spongepowered/asm/mixin/injection/callback/CallbackInfo;)V has 0 override(s) in child classes
[17:14:23] [main/DEBUG] (FabricLoader/Mixin) fabric-rendering-v1.mixins.json:ClientWorldMixin from mod fabric-rendering-v1->@Inject::onReloadColor(Lorg/spongepowered/asm/mixin/injection/callback/CallbackInfo;)V won't be passed a CallbackInfo as a result
[17:14:23] [main/DEBUG] (FabricLoader/Mixin) Mixing AutoCobwebMixin from 12th-client.mixins.json into net.minecraft.client.network.ClientPlayerEntity
[17:14:23] [main/DEBUG] (FabricLoader/Mixin) Mixing ClientPlayerEntityMixin from 12th-client.mixins.json into net.minecraft.client.network.ClientPlayerEntity
[17:14:23] [main/DEBUG] (FabricLoader/Mixin) Mixing NoPushMixin from 12th-client.mixins.json into net.minecraft.client.network.ClientPlayerEntity
[17:14:23] [main/DEBUG] (FabricLoader/Mixin) Mixing NoSlowMixin from 12th-client.mixins.json into net.minecraft.client.network.ClientPlayerEntity
[17:14:23] [main/DEBUG] (FabricLoader/Mixin) 12th-client.mixins.json:AutoCobwebMixin from mod twelfth-client->@Inject::onTick(Lorg/spongepowered/asm/mixin/injection/callback/CallbackInfo;)V doesn't use it's CallbackInfo
[17:14:23] [main/DEBUG] (FabricLoader/Mixin) 12th-client.mixins.json:AutoCobwebMixin from mod twelfth-client->@Inject::onTick(Lorg/spongepowered/asm/mixin/injection/callback/CallbackInfo;)V has 0 override(s) in child classes
[17:14:23] [main/DEBUG] (FabricLoader/Mixin) 12th-client.mixins.json:AutoCobwebMixin from mod twelfth-client->@Inject::onTick(Lorg/spongepowered/asm/mixin/injection/callback/CallbackInfo;)V won't be passed a CallbackInfo as a result
[17:14:23] [main/DEBUG] (FabricLoader/Mixin) 12th-client.mixins.json:ClientPlayerEntityMixin from mod twelfth-client->@Inject::onTick(Lorg/spongepowered/asm/mixin/injection/callback/CallbackInfo;)V doesn't use it's CallbackInfo
[17:14:23] [main/DEBUG] (FabricLoader/Mixin) 12th-client.mixins.json:ClientPlayerEntityMixin from mod twelfth-client->@Inject::onTick(Lorg/spongepowered/asm/mixin/injection/callback/CallbackInfo;)V has 0 override(s) in child classes
[17:14:23] [main/DEBUG] (FabricLoader/Mixin) 12th-client.mixins.json:ClientPlayerEntityMixin from mod twelfth-client->@Inject::onTick(Lorg/spongepowered/asm/mixin/injection/callback/CallbackInfo;)V won't be passed a CallbackInfo as a result
[17:14:23] [main/DEBUG] (FabricLoader/Mixin) 12th-client.mixins.json:NoPushMixin from mod twelfth-client->@Inject::onPush(DDLorg/spongepowered/asm/mixin/injection/callback/CallbackInfo;)V does use it's CallbackInfo
[17:14:23] [main/DEBUG] (FabricLoader/Mixin) Mixing ui.access.ButtonWidgetAccessor from owo.mixins.json into net.minecraft.client.gui.widget.ButtonWidget
[17:14:23] [main/DEBUG] (FabricLoader/Mixin) owo.mixins.json:ui.access.ButtonWidgetAccessor from mod owo: Class version 65 required is higher than the class version supported by the current version of Mixin (JAVA_16 supports class version 60)
[17:14:23] [main/DEBUG] (FabricLoader/Mixin) Mixing ui.ClickableWidgetMixin from owo.mixins.json into net.minecraft.client.gui.widget.ClickableWidget
[17:14:23] [main/DEBUG] (FabricLoader/Mixin) owo.mixins.json:ui.ClickableWidgetMixin from mod owo: Class version 65 required is higher than the class version supported by the current version of Mixin (JAVA_16 supports class version 60)
[17:14:23] [main/DEBUG] (FabricLoader/Mixin) Renaming synthetic method lambda$parseProperties$0(Ljava/lang/Boolean;)V to md5eac00$owo$lambda$parseProperties$0$0 in owo.mixins.json:ui.ClickableWidgetMixin from mod owo
[17:14:23] [main/DEBUG] (FabricLoader/Mixin) Mixing ui.access.ClickableWidgetAccessor from owo.mixins.json into net.minecraft.client.gui.widget.ClickableWidget
[17:14:23] [main/DEBUG] (FabricLoader/Mixin) owo.mixins.json:ui.access.ClickableWidgetAccessor from mod owo: Class version 65 required is higher than the class version supported by the current version of Mixin (JAVA_16 supports class version 60)
[17:14:23] [main/DEBUG] (FabricLoader/Mixin) owo.mixins.json:ui.ClickableWidgetMixin from mod owo->@Inject::applyWidthToWrapper(ILorg/spongepowered/asm/mixin/injection/callback/CallbackInfo;)V does use it's CallbackInfo
[17:14:23] [main/DEBUG] (FabricLoader/Mixin) owo.mixins.json:ui.ClickableWidgetMixin from mod owo->@Inject::setHovered(Lnet/minecraft/client/gui/DrawContext;IIFLorg/spongepowered/asm/mixin/injection/callback/CallbackInfo;)V doesn't use it's CallbackInfo
[17:14:23] [main/DEBUG] (FabricLoader/Mixin) owo.mixins.json:ui.ClickableWidgetMixin from mod owo->@Inject::setHovered(Lnet/minecraft/client/gui/DrawContext;IIFLorg/spongepowered/asm/mixin/injection/callback/CallbackInfo;)V has 0 override(s) in child classes
[17:14:23] [main/DEBUG] (FabricLoader/Mixin) owo.mixins.json:ui.ClickableWidgetMixin from mod owo->@Inject::setHovered(Lnet/minecraft/client/gui/DrawContext;IIFLorg/spongepowered/asm/mixin/injection/callback/CallbackInfo;)V won't be passed a CallbackInfo as a result
[17:14:23] [main/DEBUG] (FabricLoader/Mixin) Mixing ui.EditBoxWidgetMixin from owo.mixins.json into net.minecraft.client.gui.widget.EditBoxWidget
[17:14:23] [main/DEBUG] (FabricLoader/Mixin) owo.mixins.json:ui.EditBoxWidgetMixin from mod owo: Class version 65 required is higher than the class version supported by the current version of Mixin (JAVA_16 supports class version 60)
[17:14:23] [main/DEBUG] (FabricLoader/Mixin) Mixing ui.access.EditBoxWidgetAccessor from owo.mixins.json into net.minecraft.client.gui.widget.EditBoxWidget
[17:14:23] [main/DEBUG] (FabricLoader/Mixin) owo.mixins.json:ui.access.EditBoxWidgetAccessor from mod owo: Class version 65 required is higher than the class version supported by the current version of Mixin (JAVA_16 supports class version 60)
[17:14:23] [main/DEBUG] (FabricLoader/Mixin) Mixing tweaks.TextFieldWidgetMixin from owo.mixins.json into net.minecraft.client.gui.widget.TextFieldWidget
[17:14:23] [main/DEBUG] (FabricLoader/Mixin) owo.mixins.json:tweaks.TextFieldWidgetMixin from mod owo: Class version 65 required is higher than the class version supported by the current version of Mixin (JAVA_16 supports class version 60)
[17:14:23] [main/DEBUG] (FabricLoader/Mixin) Mixing ui.TextFieldWidgetMixin from owo.mixins.json into net.minecraft.client.gui.widget.TextFieldWidget
[17:14:23] [main/DEBUG] (FabricLoader/Mixin) owo.mixins.json:ui.TextFieldWidgetMixin from mod owo: Class version 65 required is higher than the class version supported by the current version of Mixin (JAVA_16 supports class version 60)
[17:14:23] [main/DEBUG] (FabricLoader/Mixin) Mixing ui.access.TextFieldWidgetAccessor from owo.mixins.json into net.minecraft.client.gui.widget.TextFieldWidget
[17:14:23] [main/DEBUG] (FabricLoader/Mixin) owo.mixins.json:ui.access.TextFieldWidgetAccessor from mod owo: Class version 65 required is higher than the class version supported by the current version of Mixin (JAVA_16 supports class version 60)
[17:14:23] [main/DEBUG] (FabricLoader/Mixin) owo.mixins.json:tweaks.TextFieldWidgetMixin from mod owo->@Inject::iProvideUsefulSeparators(IIZLorg/spongepowered/asm/mixin/injection/callback/CallbackInfoReturnable;)V does use it's CallbackInfoReturnable
[17:14:23] [main/DEBUG] (FabricLoader/Mixin) owo.mixins.json:ui.TextFieldWidgetMixin from mod owo->@Inject::callOwoListener(Ljava/lang/String;Lorg/spongepowered/asm/mixin/injection/callback/CallbackInfo;)V doesn't use it's CallbackInfo
[17:14:23] [main/DEBUG] (FabricLoader/Mixin) owo.mixins.json:ui.TextFieldWidgetMixin from mod owo->@Inject::callOwoListener(Ljava/lang/String;Lorg/spongepowered/asm/mixin/injection/callback/CallbackInfo;)V has 0 override(s) in child classes
[17:14:23] [main/DEBUG] (FabricLoader/Mixin) owo.mixins.json:ui.TextFieldWidgetMixin from mod owo->@Inject::callOwoListener(Ljava/lang/String;Lorg/spongepowered/asm/mixin/injection/callback/CallbackInfo;)V won't be passed a CallbackInfo as a result
[17:14:23] [main/DEBUG] (FabricLoader/Mixin) Mixing DefaultAttributeRegistryAccessor from fabric-object-builder-v1.mixins.json into net.minecraft.entity.attribute.DefaultAttributeRegistry
[17:14:23] [main/DEBUG] (FabricLoader/Mixin) Renaming @Accessor method getRegistry()Ljava/util/Map; to getRegistry$fabric-object-builder-api-v1_$md$5eac00$0 in fabric-object-builder-v1.mixins.json:DefaultAttributeRegistryAccessor from mod fabric-object-builder-api-v1
[17:14:23] [main/DEBUG] (FabricLoader/Mixin) Mixing DefaultAttributeRegistryMixin from fabric-object-builder-v1.mixins.json into net.minecraft.entity.attribute.DefaultAttributeRegistry
[17:14:23] [main/DEBUG] (FabricLoader/Mixin) fabric-object-builder-v1.mixins.json:DefaultAttributeRegistryMixin from mod fabric-object-builder-api-v1->@Inject::injectAttributes(Lorg/spongepowered/asm/mixin/injection/callback/CallbackInfo;)V doesn't use it's CallbackInfo
[17:14:23] [Render thread/DEBUG] (FabricLoader/Mixin) Mixing MinecraftClientMixin from owo.mixins.json into net.minecraft.client.MinecraftClient
[17:14:23] [Render thread/DEBUG] (FabricLoader/Mixin) owo.mixins.json:MinecraftClientMixin from mod owo: Class version 65 required is higher than the class version supported by the current version of Mixin (JAVA_16 supports class version 60)
[17:14:23] [Render thread/DEBUG] (FabricLoader/Mixin) Mixing accessor.MinecraftClientAccessor from fabric-networking-api-v1.client.mixins.json into net.minecraft.client.MinecraftClient
[17:14:23] [Render thread/DEBUG] (FabricLoader/Mixin) Mixing MinecraftClientMixin from fabric-data-generation-api-v1.client.mixins.json into net.minecraft.client.MinecraftClient
[17:14:23] [Render thread/DEBUG] (FabricLoader/Mixin) Mixing MinecraftClientAccessor from 12th-client.mixins.json into net.minecraft.client.MinecraftClient
[17:14:23] [Render thread/DEBUG] (FabricLoader/Mixin) Mixing MinecraftClientCrashMixin from 12th-client.mixins.json into net.minecraft.client.MinecraftClient
[17:14:23] [Render thread/DEBUG] (FabricLoader/Mixin) Renaming synthetic method lambda$onPrintCrashReport$0(Ljava/util/function/Supplier;)Lnet/minecraft/util/crash/CrashReport; to md5eac00$twelfth-client$lambda$onPrintCrashReport$0$0 in 12th-client.mixins.json:MinecraftClientCrashMixin from mod twelfth-client
[17:14:23] [Render thread/DEBUG] (FabricLoader/Mixin) Mixing MinecraftClientMixin from 12th-client.mixins.json into net.minecraft.client.MinecraftClient
[17:14:23] [Render thread/DEBUG] (FabricLoader/Mixin) Mixing TriggerBotMixin from 12th-client.mixins.json into net.minecraft.client.MinecraftClient
[17:14:23] [Render thread/DEBUG] (FabricLoader/Mixin) Mixing ui.MinecraftClientMixin from owo.mixins.json into net.minecraft.client.MinecraftClient
[17:14:23] [Render thread/DEBUG] (FabricLoader/Mixin) owo.mixins.json:ui.MinecraftClientMixin from mod owo: Class version 65 required is higher than the class version supported by the current version of Mixin (JAVA_16 supports class version 60)
[17:14:23] [Render thread/DEBUG] (FabricLoader/Mixin) Mixing MinecraftClientMixin from fabric-events-interaction-v0.client.mixins.json into net.minecraft.client.MinecraftClient
[17:14:23] [Render thread/DEBUG] (FabricLoader/Mixin) Mixing MinecraftClientMixin from fabric-lifecycle-events-v1.client.mixins.json into net.minecraft.client.MinecraftClient
[17:14:23] [Render thread/DEBUG] (FabricLoader/Mixin) Mixing client.MixinMinecraftClient from notenoughcrashes.mixins.json into net.minecraft.client.MinecraftClient
[17:14:23] [Render thread/ERROR] (FabricLoader/Mixin) Mixin apply for mod notenoughcrashes failed notenoughcrashes.mixins.json:client.MixinMinecraftClient from mod notenoughcrashes -> net.minecraft.client.MinecraftClient: org.spongepowered.asm.mixin.transformer.throwables.InvalidMixinException @Shadow field field_17404 was not located in the target class net.minecraft.client.MinecraftClient. Using refmap notenoughcrashes-common-common-refmap.json
org.spongepowered.asm.mixin.transformer.throwables.InvalidMixinException: @Shadow field field_17404 was not located in the target class net.minecraft.client.MinecraftClient. Using refmap notenoughcrashes-common-common-refmap.json
	at org.spongepowered.asm.mixin.transformer.MixinPreProcessorStandard.attachFields(MixinPreProcessorStandard.java:624) ~[sponge-mixin-0.16.5+mixin.0.8.7.jar:0.16.5+mixin.0.8.7]
	at org.spongepowered.asm.mixin.transformer.MixinPreProcessorStandard.attach(MixinPreProcessorStandard.java:302) ~[sponge-mixin-0.16.5+mixin.0.8.7.jar:0.16.5+mixin.0.8.7]
	at org.spongepowered.asm.mixin.transformer.MixinPreProcessorStandard.createContextFor(MixinPreProcessorStandard.java:277) ~[sponge-mixin-0.16.5+mixin.0.8.7.jar:0.16.5+mixin.0.8.7]
	at org.spongepowered.asm.mixin.transformer.MixinInfo.createContextFor(MixinInfo.java:1292) ~[sponge-mixin-0.16.5+mixin.0.8.7.jar:0.16.5+mixin.0.8.7]
	at org.spongepowered.asm.mixin.transformer.MixinApplicatorStandard.apply(MixinApplicatorStandard.java:203) ~[sponge-mixin-0.16.5+mixin.0.8.7.jar:0.16.5+mixin.0.8.7]
	at org.spongepowered.asm.mixin.transformer.TargetClassContext.apply(TargetClassContext.java:437) ~[sponge-mixin-0.16.5+mixin.0.8.7.jar:0.16.5+mixin.0.8.7]
	at org.spongepowered.asm.mixin.transformer.TargetClassContext.applyMixins(TargetClassContext.java:418) ~[sponge-mixin-0.16.5+mixin.0.8.7.jar:0.16.5+mixin.0.8.7]
	at org.spongepowered.asm.mixin.transformer.MixinProcessor.applyMixins(MixinProcessor.java:352) [sponge-mixin-0.16.5+mixin.0.8.7.jar:0.16.5+mixin.0.8.7]
	at org.spongepowered.asm.mixin.transformer.MixinTransformer.transformClass(MixinTransformer.java:237) [sponge-mixin-0.16.5+mixin.0.8.7.jar:0.16.5+mixin.0.8.7]
	at org.spongepowered.asm.mixin.transformer.MixinTransformer.transformClassBytes(MixinTransformer.java:202) [sponge-mixin-0.16.5+mixin.0.8.7.jar:0.16.5+mixin.0.8.7]
	at net.fabricmc.loader.impl.launch.knot.KnotClassDelegate.getPostMixinClassByteArray(KnotClassDelegate.java:435) [fabric-loader-0.18.0.jar:?]
	at net.fabricmc.loader.impl.launch.knot.KnotClassDelegate.tryLoadClass(KnotClassDelegate.java:336) [fabric-loader-0.18.0.jar:?]
	at net.fabricmc.loader.impl.launch.knot.KnotClassDelegate.loadClass(KnotClassDelegate.java:231) [fabric-loader-0.18.0.jar:?]
	at net.fabricmc.loader.impl.launch.knot.KnotClassLoader.loadClass(KnotClassLoader.java:119) [fabric-loader-0.18.0.jar:?]
	at java.base/java.lang.ClassLoader.loadClass(ClassLoader.java:526) [?:?]
	at knot/net.minecraft.client.main.Main.main(Main.java:234) [minecraft-merged-6cb5df0391-1.21.10-net.fabricmc.yarn.1_21_10.1.21.10+build.2-v2.jar:?]
	at net.fabricmc.loader.impl.game.minecraft.MinecraftGameProvider.launch(MinecraftGameProvider.java:514) [fabric-loader-0.18.0.jar:?]
	at net.fabricmc.loader.impl.launch.knot.Knot.launch(Knot.java:72) [fabric-loader-0.18.0.jar:?]
	at net.fabricmc.loader.impl.launch.knot.KnotClient.main(KnotClient.java:23) [fabric-loader-0.18.0.jar:?]
	at net.fabricmc.devlaunchinjector.Main.main(Main.java:86) [dev-launch-injector-0.2.1+build.8.jar:?]
[17:14:23] [Render thread/WARN] (net.minecraft.util.SystemDetails) Failed retrieving info for group processor
java.lang.NoClassDefFoundError: Could not initialize class oshi.hardware.platform.windows.WindowsCentralProcessor
	at knot/oshi.hardware.platform.windows.WindowsHardwareAbstractionLayer.createProcessor(WindowsHardwareAbstractionLayer.java:42) ~[oshi-core-6.6.5.jar:?]
	at knot/oshi.util.Memoizer$1.get(Memoizer.java:61) ~[oshi-core-6.6.5.jar:?]
	at knot/oshi.hardware.common.AbstractHardwareAbstractionLayer.getProcessor(AbstractHardwareAbstractionLayer.java:48) ~[oshi-core-6.6.5.jar:?]
	at knot/net.minecraft.util.SystemDetails.method_37146(SystemDetails.java:86) ~[minecraft-merged-6cb5df0391-1.21.10-net.fabricmc.yarn.1_21_10.1.21.10+build.2-v2.jar:?]
	at knot/net.minecraft.util.SystemDetails.tryAddGroup(SystemDetails.java:94) ~[minecraft-merged-6cb5df0391-1.21.10-net.fabricmc.yarn.1_21_10.1.21.10+build.2-v2.jar:?]
	at knot/net.minecraft.util.SystemDetails.addHardwareGroup(SystemDetails.java:86) ~[minecraft-merged-6cb5df0391-1.21.10-net.fabricmc.yarn.1_21_10.1.21.10+build.2-v2.jar:?]
	at knot/net.minecraft.util.SystemDetails.method_68673(SystemDetails.java:58) ~[minecraft-merged-6cb5df0391-1.21.10-net.fabricmc.yarn.1_21_10.1.21.10+build.2-v2.jar:?]
	at knot/net.minecraft.util.SystemDetails.tryAddGroup(SystemDetails.java:94) [minecraft-merged-6cb5df0391-1.21.10-net.fabricmc.yarn.1_21_10.1.21.10+build.2-v2.jar:?]
	at knot/net.minecraft.util.SystemDetails.<init>(SystemDetails.java:58) [minecraft-merged-6cb5df0391-1.21.10-net.fabricmc.yarn.1_21_10.1.21.10+build.2-v2.jar:?]
	at knot/net.minecraft.util.crash.CrashReport.<init>(CrashReport.java:35) [minecraft-merged-6cb5df0391-1.21.10-net.fabricmc.yarn.1_21_10.1.21.10+build.2-v2.jar:?]
	at knot/net.minecraft.util.crash.CrashReport.create(CrashReport.java:226) [minecraft-merged-6cb5df0391-1.21.10-net.fabricmc.yarn.1_21_10.1.21.10+build.2-v2.jar:?]
	at knot/net.minecraft.client.main.Main.main(Main.java:240) [minecraft-merged-6cb5df0391-1.21.10-net.fabricmc.yarn.1_21_10.1.21.10+build.2-v2.jar:?]
	at net.fabricmc.loader.impl.game.minecraft.MinecraftGameProvider.launch(MinecraftGameProvider.java:514) [fabric-loader-0.18.0.jar:?]
	at net.fabricmc.loader.impl.launch.knot.Knot.launch(Knot.java:72) [fabric-loader-0.18.0.jar:?]
	at net.fabricmc.loader.impl.launch.knot.KnotClient.main(KnotClient.java:23) [fabric-loader-0.18.0.jar:?]
	at net.fabricmc.devlaunchinjector.Main.main(Main.java:86) [dev-launch-injector-0.2.1+build.8.jar:?]
Caused by: java.lang.ExceptionInInitializerError: Exception java.lang.AbstractMethodError: Receiver class com.sun.jna.platform.win32.WinNT$OSVERSIONINFOEX does not define or inherit an implementation of the resolved method 'abstract java.util.List getFieldOrder()' of abstract class com.sun.jna.Structure. [in thread "main"]
	at knot/com.sun.jna.Structure.fieldOrder(Structure.java:952) ~[discord-rpc-1.6.2.jar:?]
	at knot/com.sun.jna.Structure.getFields(Structure.java:1006) ~[discord-rpc-1.6.2.jar:?]
	at knot/com.sun.jna.Structure.deriveLayout(Structure.java:1172) ~[discord-rpc-1.6.2.jar:?]
	at knot/com.sun.jna.Structure.calculateSize(Structure.java:1097) ~[discord-rpc-1.6.2.jar:?]
	at knot/com.sun.jna.Structure.calculateSize(Structure.java:1049) ~[discord-rpc-1.6.2.jar:?]
	at knot/com.sun.jna.Structure.allocateMemory(Structure.java:403) ~[discord-rpc-1.6.2.jar:?]
	at knot/com.sun.jna.Structure.<init>(Structure.java:194) ~[discord-rpc-1.6.2.jar:?]
	at knot/com.sun.jna.Structure.<init>(Structure.java:182) ~[discord-rpc-1.6.2.jar:?]
	at knot/com.sun.jna.Structure.<init>(Structure.java:169) ~[discord-rpc-1.6.2.jar:?]
	at knot/com.sun.jna.Structure.<init>(Structure.java:161) ~[discord-rpc-1.6.2.jar:?]
	at knot/com.sun.jna.platform.win32.WinNT$OSVERSIONINFOEX.<init>(WinNT.java:1980) ~[jna-platform-5.15.0.jar:?]
	at knot/com.sun.jna.platform.win32.VersionHelpers.IsWindowsVersionOrGreater(VersionHelpers.java:59) ~[jna-platform-5.15.0.jar:?]
	at knot/com.sun.jna.platform.win32.VersionHelpers.IsWindows8OrGreater(VersionHelpers.java:170) ~[jna-platform-5.15.0.jar:?]
	at knot/oshi.hardware.platform.windows.WindowsCentralProcessor.<clinit>(WindowsCentralProcessor.java:80) ~[oshi-core-6.6.5.jar:?]
	at knot/oshi.hardware.platform.windows.WindowsHardwareAbstractionLayer.createProcessor(WindowsHardwareAbstractionLayer.java:42) ~[oshi-core-6.6.5.jar:?]
	at knot/oshi.util.Memoizer$1.get(Memoizer.java:61) ~[oshi-core-6.6.5.jar:?]
	at knot/oshi.hardware.common.AbstractHardwareAbstractionLayer.getProcessor(AbstractHardwareAbstractionLayer.java:48) ~[oshi-core-6.6.5.jar:?]
	at knot/net.minecraft.util.SystemDetails.method_37146(SystemDetails.java:86) ~[minecraft-merged-6cb5df0391-1.21.10-net.fabricmc.yarn.1_21_10.1.21.10+build.2-v2.jar:?]
	at knot/net.minecraft.util.SystemDetails.tryAddGroup(SystemDetails.java:94) ~[minecraft-merged-6cb5df0391-1.21.10-net.fabricmc.yarn.1_21_10.1.21.10+build.2-v2.jar:?]
	at knot/net.minecraft.util.SystemDetails.addHardwareGroup(SystemDetails.java:86) ~[minecraft-merged-6cb5df0391-1.21.10-net.fabricmc.yarn.1_21_10.1.21.10+build.2-v2.jar:?]
	at knot/net.minecraft.util.SystemDetails.method_68673(SystemDetails.java:58) ~[minecraft-merged-6cb5df0391-1.21.10-net.fabricmc.yarn.1_21_10.1.21.10+build.2-v2.jar:?]
	at knot/net.minecraft.util.SystemDetails.tryAddGroup(SystemDetails.java:94) ~[minecraft-merged-6cb5df0391-1.21.10-net.fabricmc.yarn.1_21_10.1.21.10+build.2-v2.jar:?]
	at knot/net.minecraft.util.SystemDetails.<init>(SystemDetails.java:58) ~[minecraft-merged-6cb5df0391-1.21.10-net.fabricmc.yarn.1_21_10.1.21.10+build.2-v2.jar:?]
	at knot/net.minecraft.util.crash.CrashReport.<init>(CrashReport.java:35) ~[minecraft-merged-6cb5df0391-1.21.10-net.fabricmc.yarn.1_21_10.1.21.10+build.2-v2.jar:?]
	at knot/net.minecraft.util.crash.CrashReport.initCrashReport(CrashReport.java:234) ~[minecraft-merged-6cb5df0391-1.21.10-net.fabricmc.yarn.1_21_10.1.21.10+build.2-v2.jar:?]
	at knot/net.minecraft.client.main.Main.main(Main.java:130) ~[minecraft-merged-6cb5df0391-1.21.10-net.fabricmc.yarn.1_21_10.1.21.10+build.2-v2.jar:?]
	... 4 more
[17:14:23] [Render thread/WARN] (net.minecraft.util.SystemDetails) Failed retrieving info for group graphics
java.lang.NoClassDefFoundError: Could not initialize class oshi.hardware.platform.windows.WindowsGraphicsCard
	at knot/oshi.hardware.platform.windows.WindowsHardwareAbstractionLayer.getGraphicsCards(WindowsHardwareAbstractionLayer.java:87) ~[oshi-core-6.6.5.jar:?]
	at knot/net.minecraft.util.SystemDetails.method_37140(SystemDetails.java:87) ~[minecraft-merged-6cb5df0391-1.21.10-net.fabricmc.yarn.1_21_10.1.21.10+build.2-v2.jar:?]
	at knot/net.minecraft.util.SystemDetails.tryAddGroup(SystemDetails.java:94) ~[minecraft-merged-6cb5df0391-1.21.10-net.fabricmc.yarn.1_21_10.1.21.10+build.2-v2.jar:?]
	at knot/net.minecraft.util.SystemDetails.addHardwareGroup(SystemDetails.java:87) ~[minecraft-merged-6cb5df0391-1.21.10-net.fabricmc.yarn.1_21_10.1.21.10+build.2-v2.jar:?]
	at knot/net.minecraft.util.SystemDetails.method_68673(SystemDetails.java:58) ~[minecraft-merged-6cb5df0391-1.21.10-net.fabricmc.yarn.1_21_10.1.21.10+build.2-v2.jar:?]
	at knot/net.minecraft.util.SystemDetails.tryAddGroup(SystemDetails.java:94) [minecraft-merged-6cb5df0391-1.21.10-net.fabricmc.yarn.1_21_10.1.21.10+build.2-v2.jar:?]
	at knot/net.minecraft.util.SystemDetails.<init>(SystemDetails.java:58) [minecraft-merged-6cb5df0391-1.21.10-net.fabricmc.yarn.1_21_10.1.21.10+build.2-v2.jar:?]
	at knot/net.minecraft.util.crash.CrashReport.<init>(CrashReport.java:35) [minecraft-merged-6cb5df0391-1.21.10-net.fabricmc.yarn.1_21_10.1.21.10+build.2-v2.jar:?]
	at knot/net.minecraft.util.crash.CrashReport.create(CrashReport.java:226) [minecraft-merged-6cb5df0391-1.21.10-net.fabricmc.yarn.1_21_10.1.21.10+build.2-v2.jar:?]
	at knot/net.minecraft.client.main.Main.main(Main.java:240) [minecraft-merged-6cb5df0391-1.21.10-net.fabricmc.yarn.1_21_10.1.21.10+build.2-v2.jar:?]
	at net.fabricmc.loader.impl.game.minecraft.MinecraftGameProvider.launch(MinecraftGameProvider.java:514) [fabric-loader-0.18.0.jar:?]
	at net.fabricmc.loader.impl.launch.knot.Knot.launch(Knot.java:72) [fabric-loader-0.18.0.jar:?]
	at net.fabricmc.loader.impl.launch.knot.KnotClient.main(KnotClient.java:23) [fabric-loader-0.18.0.jar:?]
	at net.fabricmc.devlaunchinjector.Main.main(Main.java:86) [dev-launch-injector-0.2.1+build.8.jar:?]
Caused by: java.lang.ExceptionInInitializerError: Exception java.lang.AbstractMethodError: Receiver class com.sun.jna.platform.win32.WinNT$OSVERSIONINFOEX does not define or inherit an implementation of the resolved method 'abstract java.util.List getFieldOrder()' of abstract class com.sun.jna.Structure. [in thread "main"]
	at knot/com.sun.jna.Structure.fieldOrder(Structure.java:952) ~[discord-rpc-1.6.2.jar:?]
	at knot/com.sun.jna.Structure.getFields(Structure.java:1006) ~[discord-rpc-1.6.2.jar:?]
	at knot/com.sun.jna.Structure.deriveLayout(Structure.java:1172) ~[discord-rpc-1.6.2.jar:?]
	at knot/com.sun.jna.Structure.calculateSize(Structure.java:1097) ~[discord-rpc-1.6.2.jar:?]
	at knot/com.sun.jna.Structure.calculateSize(Structure.java:1049) ~[discord-rpc-1.6.2.jar:?]
	at knot/com.sun.jna.Structure.allocateMemory(Structure.java:403) ~[discord-rpc-1.6.2.jar:?]
	at knot/com.sun.jna.Structure.<init>(Structure.java:194) ~[discord-rpc-1.6.2.jar:?]
	at knot/com.sun.jna.Structure.<init>(Structure.java:182) ~[discord-rpc-1.6.2.jar:?]
	at knot/com.sun.jna.Structure.<init>(Structure.java:169) ~[discord-rpc-1.6.2.jar:?]
	at knot/com.sun.jna.Structure.<init>(Structure.java:161) ~[discord-rpc-1.6.2.jar:?]
	at knot/com.sun.jna.platform.win32.WinNT$OSVERSIONINFOEX.<init>(WinNT.java:1980) ~[jna-platform-5.15.0.jar:?]
	at knot/com.sun.jna.platform.win32.VersionHelpers.IsWindowsVersionOrGreater(VersionHelpers.java:59) ~[jna-platform-5.15.0.jar:?]
	at knot/com.sun.jna.platform.win32.VersionHelpers.IsWindowsVistaOrGreater(VersionHelpers.java:127) ~[jna-platform-5.15.0.jar:?]
	at knot/oshi.hardware.platform.windows.WindowsGraphicsCard.<clinit>(WindowsGraphicsCard.java:39) ~[oshi-core-6.6.5.jar:?]
	at knot/oshi.hardware.platform.windows.WindowsHardwareAbstractionLayer.getGraphicsCards(WindowsHardwareAbstractionLayer.java:87) ~[oshi-core-6.6.5.jar:?]
	at knot/net.minecraft.util.SystemDetails.method_37140(SystemDetails.java:87) ~[minecraft-merged-6cb5df0391-1.21.10-net.fabricmc.yarn.1_21_10.1.21.10+build.2-v2.jar:?]
	at knot/net.minecraft.util.SystemDetails.tryAddGroup(SystemDetails.java:94) ~[minecraft-merged-6cb5df0391-1.21.10-net.fabricmc.yarn.1_21_10.1.21.10+build.2-v2.jar:?]
	at knot/net.minecraft.util.SystemDetails.addHardwareGroup(SystemDetails.java:87) ~[minecraft-merged-6cb5df0391-1.21.10-net.fabricmc.yarn.1_21_10.1.21.10+build.2-v2.jar:?]
	at knot/net.minecraft.util.SystemDetails.method_68673(SystemDetails.java:58) ~[minecraft-merged-6cb5df0391-1.21.10-net.fabricmc.yarn.1_21_10.1.21.10+build.2-v2.jar:?]
	at knot/net.minecraft.util.SystemDetails.tryAddGroup(SystemDetails.java:94) ~[minecraft-merged-6cb5df0391-1.21.10-net.fabricmc.yarn.1_21_10.1.21.10+build.2-v2.jar:?]
	at knot/net.minecraft.util.SystemDetails.<init>(SystemDetails.java:58) ~[minecraft-merged-6cb5df0391-1.21.10-net.fabricmc.yarn.1_21_10.1.21.10+build.2-v2.jar:?]
	at knot/net.minecraft.util.crash.CrashReport.<init>(CrashReport.java:35) ~[minecraft-merged-6cb5df0391-1.21.10-net.fabricmc.yarn.1_21_10.1.21.10+build.2-v2.jar:?]
	at knot/net.minecraft.util.crash.CrashReport.initCrashReport(CrashReport.java:234) ~[minecraft-merged-6cb5df0391-1.21.10-net.fabricmc.yarn.1_21_10.1.21.10+build.2-v2.jar:?]
	at knot/net.minecraft.client.main.Main.main(Main.java:130) ~[minecraft-merged-6cb5df0391-1.21.10-net.fabricmc.yarn.1_21_10.1.21.10+build.2-v2.jar:?]
	... 4 more
[17:14:23] [Render thread/WARN] (net.minecraft.util.SystemDetails) Failed retrieving info for group memory
java.lang.NoClassDefFoundError: Could not initialize class oshi.hardware.platform.windows.WindowsGlobalMemory
	at knot/oshi.hardware.platform.windows.WindowsHardwareAbstractionLayer.createMemory(WindowsHardwareAbstractionLayer.java:37) ~[oshi-core-6.6.5.jar:?]
	at knot/oshi.util.Memoizer$1.get(Memoizer.java:61) ~[oshi-core-6.6.5.jar:?]
	at knot/oshi.hardware.common.AbstractHardwareAbstractionLayer.getMemory(AbstractHardwareAbstractionLayer.java:60) ~[oshi-core-6.6.5.jar:?]
	at knot/net.minecraft.util.SystemDetails.method_37133(SystemDetails.java:88) ~[minecraft-merged-6cb5df0391-1.21.10-net.fabricmc.yarn.1_21_10.1.21.10+build.2-v2.jar:?]
	at knot/net.minecraft.util.SystemDetails.tryAddGroup(SystemDetails.java:94) ~[minecraft-merged-6cb5df0391-1.21.10-net.fabricmc.yarn.1_21_10.1.21.10+build.2-v2.jar:?]
	at knot/net.minecraft.util.SystemDetails.addHardwareGroup(SystemDetails.java:88) ~[minecraft-merged-6cb5df0391-1.21.10-net.fabricmc.yarn.1_21_10.1.21.10+build.2-v2.jar:?]
	at knot/net.minecraft.util.SystemDetails.method_68673(SystemDetails.java:58) ~[minecraft-merged-6cb5df0391-1.21.10-net.fabricmc.yarn.1_21_10.1.21.10+build.2-v2.jar:?]
	at knot/net.minecraft.util.SystemDetails.tryAddGroup(SystemDetails.java:94) [minecraft-merged-6cb5df0391-1.21.10-net.fabricmc.yarn.1_21_10.1.21.10+build.2-v2.jar:?]
	at knot/net.minecraft.util.SystemDetails.<init>(SystemDetails.java:58) [minecraft-merged-6cb5df0391-1.21.10-net.fabricmc.yarn.1_21_10.1.21.10+build.2-v2.jar:?]
	at knot/net.minecraft.util.crash.CrashReport.<init>(CrashReport.java:35) [minecraft-merged-6cb5df0391-1.21.10-net.fabricmc.yarn.1_21_10.1.21.10+build.2-v2.jar:?]
	at knot/net.minecraft.util.crash.CrashReport.create(CrashReport.java:226) [minecraft-merged-6cb5df0391-1.21.10-net.fabricmc.yarn.1_21_10.1.21.10+build.2-v2.jar:?]
	at knot/net.minecraft.client.main.Main.main(Main.java:240) [minecraft-merged-6cb5df0391-1.21.10-net.fabricmc.yarn.1_21_10.1.21.10+build.2-v2.jar:?]
	at net.fabricmc.loader.impl.game.minecraft.MinecraftGameProvider.launch(MinecraftGameProvider.java:514) [fabric-loader-0.18.0.jar:?]
	at net.fabricmc.loader.impl.launch.knot.Knot.launch(Knot.java:72) [fabric-loader-0.18.0.jar:?]
	at net.fabricmc.loader.impl.launch.knot.KnotClient.main(KnotClient.java:23) [fabric-loader-0.18.0.jar:?]
	at net.fabricmc.devlaunchinjector.Main.main(Main.java:86) [dev-launch-injector-0.2.1+build.8.jar:?]
Caused by: java.lang.ExceptionInInitializerError: Exception java.lang.AbstractMethodError: Receiver class com.sun.jna.platform.win32.WinNT$OSVERSIONINFOEX does not define or inherit an implementation of the resolved method 'abstract java.util.List getFieldOrder()' of abstract class com.sun.jna.Structure. [in thread "main"]
	at knot/com.sun.jna.Structure.fieldOrder(Structure.java:952) ~[discord-rpc-1.6.2.jar:?]
	at knot/com.sun.jna.Structure.getFields(Structure.java:1006) ~[discord-rpc-1.6.2.jar:?]
	at knot/com.sun.jna.Structure.deriveLayout(Structure.java:1172) ~[discord-rpc-1.6.2.jar:?]
	at knot/com.sun.jna.Structure.calculateSize(Structure.java:1097) ~[discord-rpc-1.6.2.jar:?]
	at knot/com.sun.jna.Structure.calculateSize(Structure.java:1049) ~[discord-rpc-1.6.2.jar:?]
	at knot/com.sun.jna.Structure.allocateMemory(Structure.java:403) ~[discord-rpc-1.6.2.jar:?]
	at knot/com.sun.jna.Structure.<init>(Structure.java:194) ~[discord-rpc-1.6.2.jar:?]
	at knot/com.sun.jna.Structure.<init>(Structure.java:182) ~[discord-rpc-1.6.2.jar:?]
	at knot/com.sun.jna.Structure.<init>(Structure.java:169) ~[discord-rpc-1.6.2.jar:?]
	at knot/com.sun.jna.Structure.<init>(Structure.java:161) ~[discord-rpc-1.6.2.jar:?]
	at knot/com.sun.jna.platform.win32.WinNT$OSVERSIONINFOEX.<init>(WinNT.java:1980) ~[jna-platform-5.15.0.jar:?]
	at knot/com.sun.jna.platform.win32.VersionHelpers.IsWindowsVersionOrGreater(VersionHelpers.java:59) ~[jna-platform-5.15.0.jar:?]
	at knot/com.sun.jna.platform.win32.VersionHelpers.IsWindows10OrGreater(VersionHelpers.java:194) ~[jna-platform-5.15.0.jar:?]
	at knot/oshi.hardware.platform.windows.WindowsGlobalMemory.<clinit>(WindowsGlobalMemory.java:41) ~[oshi-core-6.6.5.jar:?]
	at knot/oshi.hardware.platform.windows.WindowsHardwareAbstractionLayer.createMemory(WindowsHardwareAbstractionLayer.java:37) ~[oshi-core-6.6.5.jar:?]
	at knot/oshi.util.Memoizer$1.get(Memoizer.java:61) ~[oshi-core-6.6.5.jar:?]
	at knot/oshi.hardware.common.AbstractHardwareAbstractionLayer.getMemory(AbstractHardwareAbstractionLayer.java:60) ~[oshi-core-6.6.5.jar:?]
	at knot/net.minecraft.util.SystemDetails.method_37133(SystemDetails.java:88) ~[minecraft-merged-6cb5df0391-1.21.10-net.fabricmc.yarn.1_21_10.1.21.10+build.2-v2.jar:?]
	at knot/net.minecraft.util.SystemDetails.tryAddGroup(SystemDetails.java:94) ~[minecraft-merged-6cb5df0391-1.21.10-net.fabricmc.yarn.1_21_10.1.21.10+build.2-v2.jar:?]
	at knot/net.minecraft.util.SystemDetails.addHardwareGroup(SystemDetails.java:88) ~[minecraft-merged-6cb5df0391-1.21.10-net.fabricmc.yarn.1_21_10.1.21.10+build.2-v2.jar:?]
	at knot/net.minecraft.util.SystemDetails.method_68673(SystemDetails.java:58) ~[minecraft-merged-6cb5df0391-1.21.10-net.fabricmc.yarn.1_21_10.1.21.10+build.2-v2.jar:?]
	at knot/net.minecraft.util.SystemDetails.tryAddGroup(SystemDetails.java:94) ~[minecraft-merged-6cb5df0391-1.21.10-net.fabricmc.yarn.1_21_10.1.21.10+build.2-v2.jar:?]
	at knot/net.minecraft.util.SystemDetails.<init>(SystemDetails.java:58) ~[minecraft-merged-6cb5df0391-1.21.10-net.fabricmc.yarn.1_21_10.1.21.10+build.2-v2.jar:?]
	at knot/net.minecraft.util.crash.CrashReport.<init>(CrashReport.java:35) ~[minecraft-merged-6cb5df0391-1.21.10-net.fabricmc.yarn.1_21_10.1.21.10+build.2-v2.jar:?]
	at knot/net.minecraft.util.crash.CrashReport.initCrashReport(CrashReport.java:234) ~[minecraft-merged-6cb5df0391-1.21.10-net.fabricmc.yarn.1_21_10.1.21.10+build.2-v2.jar:?]
	at knot/net.minecraft.client.main.Main.main(Main.java:130) ~[minecraft-merged-6cb5df0391-1.21.10-net.fabricmc.yarn.1_21_10.1.21.10+build.2-v2.jar:?]
	... 4 more
[17:14:23] [Render thread/DEBUG] (FabricLoader/Mixin) Mixing MinecraftClientMixin from owo.mixins.json into net.minecraft.client.MinecraftClient
[17:14:23] [Render thread/DEBUG] (FabricLoader/Mixin) owo.mixins.json:MinecraftClientMixin from mod owo: Class version 65 required is higher than the class version supported by the current version of Mixin (JAVA_16 supports class version 60)
[17:14:23] [Render thread/DEBUG] (FabricLoader/Mixin) Mixing accessor.MinecraftClientAccessor from fabric-networking-api-v1.client.mixins.json into net.minecraft.client.MinecraftClient
[17:14:23] [Render thread/DEBUG] (FabricLoader/Mixin) Mixing MinecraftClientMixin from fabric-data-generation-api-v1.client.mixins.json into net.minecraft.client.MinecraftClient
[17:14:23] [Render thread/DEBUG] (FabricLoader/Mixin) Mixing MinecraftClientAccessor from 12th-client.mixins.json into net.minecraft.client.MinecraftClient
[17:14:23] [Render thread/DEBUG] (FabricLoader/Mixin) Mixing MinecraftClientCrashMixin from 12th-client.mixins.json into net.minecraft.client.MinecraftClient
[17:14:23] [Render thread/DEBUG] (FabricLoader/Mixin) Mixing MinecraftClientMixin from 12th-client.mixins.json into net.minecraft.client.MinecraftClient
[17:14:23] [Render thread/DEBUG] (FabricLoader/Mixin) Mixing TriggerBotMixin from 12th-client.mixins.json into net.minecraft.client.MinecraftClient
[17:14:23] [Render thread/DEBUG] (FabricLoader/Mixin) Mixing ui.MinecraftClientMixin from owo.mixins.json into net.minecraft.client.MinecraftClient
[17:14:23] [Render thread/DEBUG] (FabricLoader/Mixin) owo.mixins.json:ui.MinecraftClientMixin from mod owo: Class version 65 required is higher than the class version supported by the current version of Mixin (JAVA_16 supports class version 60)
[17:14:23] [Render thread/DEBUG] (FabricLoader/Mixin) Mixing MinecraftClientMixin from fabric-events-interaction-v0.client.mixins.json into net.minecraft.client.MinecraftClient
[17:14:23] [Render thread/DEBUG] (FabricLoader/Mixin) Mixing MinecraftClientMixin from fabric-lifecycle-events-v1.client.mixins.json into net.minecraft.client.MinecraftClient
[17:14:23] [Render thread/DEBUG] (FabricLoader/Mixin) Mixing client.MixinMinecraftClient from notenoughcrashes.mixins.json into net.minecraft.client.MinecraftClient
[17:14:23] [Render thread/ERROR] (FabricLoader/Mixin) Mixin apply for mod notenoughcrashes failed notenoughcrashes.mixins.json:client.MixinMinecraftClient from mod notenoughcrashes -> net.minecraft.client.MinecraftClient: org.spongepowered.asm.mixin.transformer.throwables.InvalidMixinException @Shadow field field_17404 was not located in the target class net.minecraft.client.MinecraftClient. Using refmap notenoughcrashes-common-common-refmap.json
org.spongepowered.asm.mixin.transformer.throwables.InvalidMixinException: @Shadow field field_17404 was not located in the target class net.minecraft.client.MinecraftClient. Using refmap notenoughcrashes-common-common-refmap.json
	at org.spongepowered.asm.mixin.transformer.MixinPreProcessorStandard.attachFields(MixinPreProcessorStandard.java:624) ~[sponge-mixin-0.16.5+mixin.0.8.7.jar:0.16.5+mixin.0.8.7]
	at org.spongepowered.asm.mixin.transformer.MixinPreProcessorStandard.attach(MixinPreProcessorStandard.java:302) ~[sponge-mixin-0.16.5+mixin.0.8.7.jar:0.16.5+mixin.0.8.7]
	at org.spongepowered.asm.mixin.transformer.MixinPreProcessorStandard.createContextFor(MixinPreProcessorStandard.java:277) ~[sponge-mixin-0.16.5+mixin.0.8.7.jar:0.16.5+mixin.0.8.7]
	at org.spongepowered.asm.mixin.transformer.MixinInfo.createContextFor(MixinInfo.java:1292) ~[sponge-mixin-0.16.5+mixin.0.8.7.jar:0.16.5+mixin.0.8.7]
	at org.spongepowered.asm.mixin.transformer.MixinApplicatorStandard.apply(MixinApplicatorStandard.java:203) ~[sponge-mixin-0.16.5+mixin.0.8.7.jar:0.16.5+mixin.0.8.7]
	at org.spongepowered.asm.mixin.transformer.TargetClassContext.apply(TargetClassContext.java:437) ~[sponge-mixin-0.16.5+mixin.0.8.7.jar:0.16.5+mixin.0.8.7]
	at org.spongepowered.asm.mixin.transformer.TargetClassContext.applyMixins(TargetClassContext.java:418) ~[sponge-mixin-0.16.5+mixin.0.8.7.jar:0.16.5+mixin.0.8.7]
	at org.spongepowered.asm.mixin.transformer.MixinProcessor.applyMixins(MixinProcessor.java:352) [sponge-mixin-0.16.5+mixin.0.8.7.jar:0.16.5+mixin.0.8.7]
	at org.spongepowered.asm.mixin.transformer.MixinTransformer.transformClass(MixinTransformer.java:237) [sponge-mixin-0.16.5+mixin.0.8.7.jar:0.16.5+mixin.0.8.7]
	at org.spongepowered.asm.mixin.transformer.MixinTransformer.transformClassBytes(MixinTransformer.java:202) [sponge-mixin-0.16.5+mixin.0.8.7.jar:0.16.5+mixin.0.8.7]
	at net.fabricmc.loader.impl.launch.knot.KnotClassDelegate.getPostMixinClassByteArray(KnotClassDelegate.java:435) [fabric-loader-0.18.0.jar:?]
	at net.fabricmc.loader.impl.launch.knot.KnotClassDelegate.tryLoadClass(KnotClassDelegate.java:336) [fabric-loader-0.18.0.jar:?]
	at net.fabricmc.loader.impl.launch.knot.KnotClassDelegate.loadClass(KnotClassDelegate.java:231) [fabric-loader-0.18.0.jar:?]
	at net.fabricmc.loader.impl.launch.knot.KnotClassLoader.loadClass(KnotClassLoader.java:119) [fabric-loader-0.18.0.jar:?]
	at java.base/java.lang.ClassLoader.loadClass(ClassLoader.java:526) [?:?]
	at knot/net.minecraft.client.main.Main.main(Main.java:243) [minecraft-merged-6cb5df0391-1.21.10-net.fabricmc.yarn.1_21_10.1.21.10+build.2-v2.jar:?]
	at net.fabricmc.loader.impl.game.minecraft.MinecraftGameProvider.launch(MinecraftGameProvider.java:514) [fabric-loader-0.18.0.jar:?]
	at net.fabricmc.loader.impl.launch.knot.Knot.launch(Knot.java:72) [fabric-loader-0.18.0.jar:?]
	at net.fabricmc.loader.impl.launch.knot.KnotClient.main(KnotClient.java:23) [fabric-loader-0.18.0.jar:?]
	at net.fabricmc.devlaunchinjector.Main.main(Main.java:86) [dev-launch-injector-0.2.1+build.8.jar:?]
[17:14:23] [Render thread/ERROR] (FabricLoader) Minecraft has crashed!
net.fabricmc.loader.impl.FormattedException: java.lang.RuntimeException: Mixin transformation of net.minecraft.client.MinecraftClient failed
	at net.fabricmc.loader.impl.FormattedException.ofLocalized(FormattedException.java:63) ~[fabric-loader-0.18.0.jar:?]
	at net.fabricmc.loader.impl.game.minecraft.MinecraftGameProvider.launch(MinecraftGameProvider.java:516) ~[fabric-loader-0.18.0.jar:?]
	at net.fabricmc.loader.impl.launch.knot.Knot.launch(Knot.java:72) [fabric-loader-0.18.0.jar:?]
	at net.fabricmc.loader.impl.launch.knot.KnotClient.main(KnotClient.java:23) [fabric-loader-0.18.0.jar:?]
	at net.fabricmc.devlaunchinjector.Main.main(Main.java:86) [dev-launch-injector-0.2.1+build.8.jar:?]
Caused by: java.lang.RuntimeException: Mixin transformation of net.minecraft.client.MinecraftClient failed
	at net.fabricmc.loader.impl.launch.knot.KnotClassDelegate.getPostMixinClassByteArray(KnotClassDelegate.java:440) ~[fabric-loader-0.18.0.jar:?]
	at net.fabricmc.loader.impl.launch.knot.KnotClassDelegate.tryLoadClass(KnotClassDelegate.java:336) ~[fabric-loader-0.18.0.jar:?]
	at net.fabricmc.loader.impl.launch.knot.KnotClassDelegate.loadClass(KnotClassDelegate.java:231) ~[fabric-loader-0.18.0.jar:?]
	at net.fabricmc.loader.impl.launch.knot.KnotClassLoader.loadClass(KnotClassLoader.java:119) ~[fabric-loader-0.18.0.jar:?]
	at java.base/java.lang.ClassLoader.loadClass(ClassLoader.java:526) ~[?:?]
	at knot/net.minecraft.client.main.Main.main(Main.java:243) ~[minecraft-merged-6cb5df0391-1.21.10-net.fabricmc.yarn.1_21_10.1.21.10+build.2-v2.jar:?]
	at net.fabricmc.loader.impl.game.minecraft.MinecraftGameProvider.launch(MinecraftGameProvider.java:514) ~[fabric-loader-0.18.0.jar:?]
	... 3 more
Caused by: org.spongepowered.asm.mixin.transformer.throwables.MixinTransformerError: An unexpected critical error was encountered
	at org.spongepowered.asm.mixin.transformer.MixinProcessor.applyMixins(MixinProcessor.java:381) ~[sponge-mixin-0.16.5+mixin.0.8.7.jar:0.16.5+mixin.0.8.7]
	at org.spongepowered.asm.mixin.transformer.MixinTransformer.transformClass(MixinTransformer.java:237) ~[sponge-mixin-0.16.5+mixin.0.8.7.jar:0.16.5+mixin.0.8.7]
	at org.spongepowered.asm.mixin.transformer.MixinTransformer.transformClassBytes(MixinTransformer.java:202) ~[sponge-mixin-0.16.5+mixin.0.8.7.jar:0.16.5+mixin.0.8.7]
	at net.fabricmc.loader.impl.launch.knot.KnotClassDelegate.getPostMixinClassByteArray(KnotClassDelegate.java:435) ~[fabric-loader-0.18.0.jar:?]
	at net.fabricmc.loader.impl.launch.knot.KnotClassDelegate.tryLoadClass(KnotClassDelegate.java:336) ~[fabric-loader-0.18.0.jar:?]
	at net.fabricmc.loader.impl.launch.knot.KnotClassDelegate.loadClass(KnotClassDelegate.java:231) ~[fabric-loader-0.18.0.jar:?]
	at net.fabricmc.loader.impl.launch.knot.KnotClassLoader.loadClass(KnotClassLoader.java:119) ~[fabric-loader-0.18.0.jar:?]
	at java.base/java.lang.ClassLoader.loadClass(ClassLoader.java:526) ~[?:?]
	at knot/net.minecraft.client.main.Main.main(Main.java:243) ~[minecraft-merged-6cb5df0391-1.21.10-net.fabricmc.yarn.1_21_10.1.21.10+build.2-v2.jar:?]
	at net.fabricmc.loader.impl.game.minecraft.MinecraftGameProvider.launch(MinecraftGameProvider.java:514) ~[fabric-loader-0.18.0.jar:?]
	... 3 more
Caused by: org.spongepowered.asm.mixin.throwables.MixinApplyError: Mixin [notenoughcrashes.mixins.json:client.MixinMinecraftClient from mod notenoughcrashes] from phase [DEFAULT] in config [notenoughcrashes.mixins.json] FAILED during APPLY
	at org.spongepowered.asm.mixin.transformer.MixinProcessor.handleMixinError(MixinProcessor.java:686) ~[sponge-mixin-0.16.5+mixin.0.8.7.jar:0.16.5+mixin.0.8.7]
	at org.spongepowered.asm.mixin.transformer.MixinProcessor.handleMixinApplyError(MixinProcessor.java:637) ~[sponge-mixin-0.16.5+mixin.0.8.7.jar:0.16.5+mixin.0.8.7]
	at org.spongepowered.asm.mixin.transformer.MixinProcessor.applyMixins(MixinProcessor.java:368) ~[sponge-mixin-0.16.5+mixin.0.8.7.jar:0.16.5+mixin.0.8.7]
	at org.spongepowered.asm.mixin.transformer.MixinTransformer.transformClass(MixinTransformer.java:237) ~[sponge-mixin-0.16.5+mixin.0.8.7.jar:0.16.5+mixin.0.8.7]
	at org.spongepowered.asm.mixin.transformer.MixinTransformer.transformClassBytes(MixinTransformer.java:202) ~[sponge-mixin-0.16.5+mixin.0.8.7.jar:0.16.5+mixin.0.8.7]
	at net.fabricmc.loader.impl.launch.knot.KnotClassDelegate.getPostMixinClassByteArray(KnotClassDelegate.java:435) ~[fabric-loader-0.18.0.jar:?]
	at net.fabricmc.loader.impl.launch.knot.KnotClassDelegate.tryLoadClass(KnotClassDelegate.java:336) ~[fabric-loader-0.18.0.jar:?]
	at net.fabricmc.loader.impl.launch.knot.KnotClassDelegate.loadClass(KnotClassDelegate.java:231) ~[fabric-loader-0.18.0.jar:?]
	at net.fabricmc.loader.impl.launch.knot.KnotClassLoader.loadClass(KnotClassLoader.java:119) ~[fabric-loader-0.18.0.jar:?]
	at java.base/java.lang.ClassLoader.loadClass(ClassLoader.java:526) ~[?:?]
	at knot/net.minecraft.client.main.Main.main(Main.java:243) ~[minecraft-merged-6cb5df0391-1.21.10-net.fabricmc.yarn.1_21_10.1.21.10+build.2-v2.jar:?]
	at net.fabricmc.loader.impl.game.minecraft.MinecraftGameProvider.launch(MinecraftGameProvider.java:514) ~[fabric-loader-0.18.0.jar:?]
	... 3 more
Caused by: org.spongepowered.asm.mixin.transformer.throwables.InvalidMixinException: @Shadow field field_17404 was not located in the target class net.minecraft.client.MinecraftClient. Using refmap notenoughcrashes-common-common-refmap.json
	at org.spongepowered.asm.mixin.transformer.MixinPreProcessorStandard.attachFields(MixinPreProcessorStandard.java:624) ~[sponge-mixin-0.16.5+mixin.0.8.7.jar:0.16.5+mixin.0.8.7]
	at org.spongepowered.asm.mixin.transformer.MixinPreProcessorStandard.attach(MixinPreProcessorStandard.java:302) ~[sponge-mixin-0.16.5+mixin.0.8.7.jar:0.16.5+mixin.0.8.7]
	at org.spongepowered.asm.mixin.transformer.MixinPreProcessorStandard.createContextFor(MixinPreProcessorStandard.java:277) ~[sponge-mixin-0.16.5+mixin.0.8.7.jar:0.16.5+mixin.0.8.7]
	at org.spongepowered.asm.mixin.transformer.MixinInfo.createContextFor(MixinInfo.java:1292) ~[sponge-mixin-0.16.5+mixin.0.8.7.jar:0.16.5+mixin.0.8.7]
	at org.spongepowered.asm.mixin.transformer.MixinApplicatorStandard.apply(MixinApplicatorStandard.java:203) ~[sponge-mixin-0.16.5+mixin.0.8.7.jar:0.16.5+mixin.0.8.7]
	at org.spongepowered.asm.mixin.transformer.TargetClassContext.apply(TargetClassContext.java:437) ~[sponge-mixin-0.16.5+mixin.0.8.7.jar:0.16.5+mixin.0.8.7]
	at org.spongepowered.asm.mixin.transformer.TargetClassContext.applyMixins(TargetClassContext.java:418) ~[sponge-mixin-0.16.5+mixin.0.8.7.jar:0.16.5+mixin.0.8.7]
	at org.spongepowered.asm.mixin.transformer.MixinProcessor.applyMixins(MixinProcessor.java:352) ~[sponge-mixin-0.16.5+mixin.0.8.7.jar:0.16.5+mixin.0.8.7]
	at org.spongepowered.asm.mixin.transformer.MixinTransformer.transformClass(MixinTransformer.java:237) ~[sponge-mixin-0.16.5+mixin.0.8.7.jar:0.16.5+mixin.0.8.7]
	at org.spongepowered.asm.mixin.transformer.MixinTransformer.transformClassBytes(MixinTransformer.java:202) ~[sponge-mixin-0.16.5+mixin.0.8.7.jar:0.16.5+mixin.0.8.7]
	at net.fabricmc.loader.impl.launch.knot.KnotClassDelegate.getPostMixinClassByteArray(KnotClassDelegate.java:435) ~[fabric-loader-0.18.0.jar:?]
	at net.fabricmc.loader.impl.launch.knot.KnotClassDelegate.tryLoadClass(KnotClassDelegate.java:336) ~[fabric-loader-0.18.0.jar:?]
	at net.fabricmc.loader.impl.launch.knot.KnotClassDelegate.loadClass(KnotClassDelegate.java:231) ~[fabric-loader-0.18.0.jar:?]
	at net.fabricmc.loader.impl.launch.knot.KnotClassLoader.loadClass(KnotClassLoader.java:119) ~[fabric-loader-0.18.0.jar:?]
	at java.base/java.lang.ClassLoader.loadClass(ClassLoader.java:526) ~[?:?]
	at knot/net.minecraft.client.main.Main.main(Main.java:243) ~[minecraft-merged-6cb5df0391-1.21.10-net.fabricmc.yarn.1_21_10.1.21.10+build.2-v2.jar:?]
	at net.fabricmc.loader.impl.game.minecraft.MinecraftGameProvider.launch(MinecraftGameProvider.java:514) ~[fabric-loader-0.18.0.jar:?]
	... 3 more
